"","year","month","rotation.cycle","prevcrop.id","crop.id","nextcrop.id","active","sowing","harvest","cover.id","cover.active","covercrop.sowing","covercrop.harvest","irrigation","eom_app_id","eom_app_q","Culture.x","Coefficient d'humification (hc).x","C_inp_crop","C_hum_crop","Culture.y","Coefficient d'humification (hc).y","C_inp_covercrop","C_hum_covercrop","C_inp","C_hum_inp","PC","Catégorie","Matière organique exogène","Apport de carbone organique (t CO / 10t MF)","Coefficient d'humification (hc)","Apport C humifié (t C/ 10t MF)","FYM"
"1",2017,1,NA,NA,NA,NA,0,FALSE,FALSE,NA,0,FALSE,FALSE,0,NA,0,NA,NA,0,0,NA,NA,0,0,0,0,0,NA,NA,NA,NA,NA,0
"2",2017,2,NA,NA,NA,NA,0,FALSE,FALSE,NA,0,FALSE,FALSE,0,NA,0,NA,NA,0,0,NA,NA,0,0,0,0,0,NA,NA,NA,NA,NA,0
"3",2017,3,NA,NA,NA,NA,0,FALSE,FALSE,NA,0,FALSE,FALSE,0,NA,0,NA,NA,0,0,NA,NA,0,0,0,0,0,NA,NA,NA,NA,NA,0
"4",2017,4,NA,7,15,8,1,TRUE,FALSE,NA,0,FALSE,FALSE,0,NA,0,"betterave avec feuilles et collet",0.22,0,0,NA,NA,0,0,0,0,1,NA,NA,NA,NA,NA,0
"5",2017,5,NA,7,15,8,1,FALSE,FALSE,NA,0,FALSE,FALSE,0,NA,0,"betterave avec feuilles et collet",0.22,0,0,NA,NA,0,0,0,0,1,NA,NA,NA,NA,NA,0
"6",2017,6,NA,7,15,8,1,FALSE,FALSE,NA,0,FALSE,FALSE,30,NA,0,"betterave avec feuilles et collet",0.22,0,0,NA,NA,0,0,0,0,1,NA,NA,NA,NA,NA,0
"7",2017,7,NA,7,15,8,1,FALSE,FALSE,NA,0,FALSE,FALSE,30,6,30,"betterave avec feuilles et collet",0.22,0,0,NA,NA,0,0,0,0,1,"Fumier Solide","Bovins",0.928,0.5,0.46,2.784
"8",2017,8,NA,7,15,8,1,FALSE,FALSE,NA,0,FALSE,FALSE,30,NA,0,"betterave avec feuilles et collet",0.22,0,0,NA,NA,0,0,0,0,1,NA,NA,NA,NA,NA,0
"9",2017,9,NA,7,15,8,1,FALSE,FALSE,NA,0,FALSE,FALSE,0,NA,0,"betterave avec feuilles et collet",0.22,0,0,NA,NA,0,0,0,0,1,NA,NA,NA,NA,NA,0
"10",2017,10,0,7,15,8,1,TRUE,TRUE,NA,0,FALSE,FALSE,0,NA,0,"betterave avec feuilles et collet",0.22,2.3,0.51,NA,NA,0,0,2.3,0.51,1,NA,NA,NA,NA,NA,0
"11",2017,11,0,15,8,7,1,FALSE,FALSE,NA,0,FALSE,FALSE,0,NA,0,"blé d'hiver",0.31,0,0,NA,NA,0,0,0,0,1,NA,NA,NA,NA,NA,0
"12",2017,12,0,15,8,7,1,FALSE,FALSE,NA,0,FALSE,FALSE,0,NA,0,"blé d'hiver",0.31,0,0,NA,NA,0,0,0,0,1,NA,NA,NA,NA,NA,0
"13",2018,1,0,15,8,7,1,FALSE,FALSE,NA,0,FALSE,FALSE,0,NA,0,"blé d'hiver",0.31,0,0,NA,NA,0,0,0,0,1,NA,NA,NA,NA,NA,0
"14",2018,2,0,15,8,7,1,FALSE,FALSE,NA,0,FALSE,FALSE,0,NA,0,"blé d'hiver",0.31,0,0,NA,NA,0,0,0,0,1,NA,NA,NA,NA,NA,0
"15",2018,3,0,15,8,7,1,FALSE,FALSE,NA,0,FALSE,FALSE,0,NA,0,"blé d'hiver",0.31,0,0,NA,NA,0,0,0,0,1,NA,NA,NA,NA,NA,0
"16",2018,4,0,15,8,7,1,FALSE,FALSE,NA,0,FALSE,FALSE,0,NA,0,"blé d'hiver",0.31,0,0,NA,NA,0,0,0,0,1,NA,NA,NA,NA,NA,0
"17",2018,5,0,15,8,7,1,FALSE,FALSE,NA,0,FALSE,FALSE,0,NA,0,"blé d'hiver",0.31,0,0,NA,NA,0,0,0,0,1,NA,NA,NA,NA,NA,0
"18",2018,6,0,15,8,7,1,FALSE,FALSE,NA,0,FALSE,FALSE,0,NA,0,"blé d'hiver",0.31,0,0,NA,NA,0,0,0,0,1,NA,NA,NA,NA,NA,0
"19",2018,7,0,15,8,7,1,FALSE,FALSE,NA,0,FALSE,FALSE,0,NA,0,"blé d'hiver",0.31,0,0,NA,NA,0,0,0,0,1,NA,NA,NA,NA,NA,0
"20",2018,8,0,15,8,7,1,FALSE,TRUE,NA,0,FALSE,FALSE,0,NA,0,"blé d'hiver",0.31,2.08,0.64,NA,NA,0,0,2.08,0.64,1,NA,NA,NA,NA,NA,0
"21",2018,9,0,8,7,7,0,FALSE,FALSE,NA,0,FALSE,FALSE,0,NA,0,"orge d'hiver",0.31,0,0,NA,NA,0,0,0,0,0,NA,NA,NA,NA,NA,0
"22",2018,10,0,8,7,15,1,TRUE,FALSE,NA,0,FALSE,FALSE,0,NA,0,"orge d'hiver",0.31,0,0,NA,NA,0,0,0,0,1,NA,NA,NA,NA,NA,0
"23",2018,11,0,8,7,15,1,FALSE,FALSE,NA,0,FALSE,FALSE,0,NA,0,"orge d'hiver",0.31,0,0,NA,NA,0,0,0,0,1,NA,NA,NA,NA,NA,0
"24",2018,12,0,8,7,15,1,FALSE,FALSE,NA,0,FALSE,FALSE,0,NA,0,"orge d'hiver",0.31,0,0,NA,NA,0,0,0,0,1,NA,NA,NA,NA,NA,0
"25",2019,1,0,8,7,15,1,FALSE,FALSE,NA,0,FALSE,FALSE,0,NA,0,"orge d'hiver",0.31,0,0,NA,NA,0,0,0,0,1,NA,NA,NA,NA,NA,0
"26",2019,2,0,8,7,15,1,FALSE,FALSE,NA,0,FALSE,FALSE,0,NA,0,"orge d'hiver",0.31,0,0,NA,NA,0,0,0,0,1,NA,NA,NA,NA,NA,0
"27",2019,3,0,8,7,15,1,FALSE,FALSE,NA,0,FALSE,FALSE,0,NA,0,"orge d'hiver",0.31,0,0,NA,NA,0,0,0,0,1,NA,NA,NA,NA,NA,0
"28",2019,4,0,8,7,15,1,FALSE,FALSE,NA,0,FALSE,FALSE,0,NA,0,"orge d'hiver",0.31,0,0,NA,NA,0,0,0,0,1,NA,NA,NA,NA,NA,0
"29",2019,5,0,8,7,15,1,FALSE,FALSE,NA,0,FALSE,FALSE,0,NA,0,"orge d'hiver",0.31,0,0,NA,NA,0,0,0,0,1,NA,NA,NA,NA,NA,0
"30",2019,6,0,8,7,15,1,FALSE,FALSE,NA,0,FALSE,FALSE,0,NA,0,"orge d'hiver",0.31,0,0,NA,NA,0,0,0,0,1,NA,NA,NA,NA,NA,0
"31",2019,7,0,8,7,15,1,FALSE,TRUE,NA,0,FALSE,FALSE,0,6,30,"orge d'hiver",0.31,2.24,0.69,NA,NA,0,0,2.24,0.69,1,"Fumier Solide","Bovins",0.928,0.5,0.46,2.784
"32",2019,8,0,7,15,15,0,FALSE,FALSE,50,1,TRUE,FALSE,0,NA,0,"betterave avec feuilles et collet",0.22,0,0,"phacélie",0.3,0,0,0,0,1,NA,NA,NA,NA,NA,0
"33",2019,9,0,7,15,15,0,FALSE,FALSE,50,1,FALSE,FALSE,0,NA,0,"betterave avec feuilles et collet",0.22,0,0,"phacélie",0.3,0,0,0,0,1,NA,NA,NA,NA,NA,0
"34",2019,10,0,7,15,15,0,FALSE,FALSE,50,1,FALSE,FALSE,0,NA,0,"betterave avec feuilles et collet",0.22,0,0,"phacélie",0.3,0,0,0,0,1,NA,NA,NA,NA,NA,0
"35",2019,11,0,7,15,15,0,FALSE,FALSE,50,1,FALSE,FALSE,0,NA,0,"betterave avec feuilles et collet",0.22,0,0,"phacélie",0.3,0,0,0,0,1,NA,NA,NA,NA,NA,0
"36",2019,12,0,7,15,15,0,FALSE,FALSE,50,1,FALSE,FALSE,0,NA,0,"betterave avec feuilles et collet",0.22,0,0,"phacélie",0.3,0,0,0,0,1,NA,NA,NA,NA,NA,0
"37",2020,1,0,7,15,15,0,FALSE,FALSE,50,1,FALSE,FALSE,0,NA,0,"betterave avec feuilles et collet",0.22,0,0,"phacélie",0.3,0,0,0,0,1,NA,NA,NA,NA,NA,0
"38",2020,2,0,7,15,15,0,FALSE,FALSE,50,1,FALSE,FALSE,0,NA,0,"betterave avec feuilles et collet",0.22,0,0,"phacélie",0.3,0,0,0,0,1,NA,NA,NA,NA,NA,0
"39",2020,3,0,7,15,15,0,FALSE,FALSE,50,1,FALSE,TRUE,0,NA,0,"betterave avec feuilles et collet",0.22,0,0,"phacélie",0.3,1.12,0.34,1.12,0.34,1,NA,NA,NA,NA,NA,0
"40",2020,4,0,7,15,8,1,TRUE,FALSE,NA,0,FALSE,FALSE,0,NA,0,"betterave avec feuilles et collet",0.22,0,0,NA,NA,0,0,0,0,1,NA,NA,NA,NA,NA,0
"41",2020,5,0,7,15,8,1,FALSE,FALSE,NA,0,FALSE,FALSE,0,NA,0,"betterave avec feuilles et collet",0.22,0,0,NA,NA,0,0,0,0,1,NA,NA,NA,NA,NA,0
"42",2020,6,0,7,15,8,1,FALSE,FALSE,NA,0,FALSE,FALSE,30,NA,0,"betterave avec feuilles et collet",0.22,0,0,NA,NA,0,0,0,0,1,NA,NA,NA,NA,NA,0
"43",2020,7,0,7,15,8,1,FALSE,FALSE,NA,0,FALSE,FALSE,30,NA,0,"betterave avec feuilles et collet",0.22,0,0,NA,NA,0,0,0,0,1,NA,NA,NA,NA,NA,0
"44",2020,8,0,7,15,8,1,FALSE,FALSE,NA,0,FALSE,FALSE,30,NA,0,"betterave avec feuilles et collet",0.22,0,0,NA,NA,0,0,0,0,1,NA,NA,NA,NA,NA,0
"45",2020,9,0,7,15,8,1,FALSE,FALSE,NA,0,FALSE,FALSE,0,NA,0,"betterave avec feuilles et collet",0.22,0,0,NA,NA,0,0,0,0,1,NA,NA,NA,NA,NA,0
"46",2020,10,1,7,15,8,1,TRUE,TRUE,NA,0,FALSE,FALSE,0,NA,0,"betterave avec feuilles et collet",0.22,2.3,0.51,NA,NA,0,0,2.3,0.51,1,NA,NA,NA,NA,NA,0
"47",2020,11,1,15,8,7,1,FALSE,FALSE,NA,0,FALSE,FALSE,0,NA,0,"blé d'hiver",0.31,0,0,NA,NA,0,0,0,0,1,NA,NA,NA,NA,NA,0
"48",2020,12,1,15,8,7,1,FALSE,FALSE,NA,0,FALSE,FALSE,0,NA,0,"blé d'hiver",0.31,0,0,NA,NA,0,0,0,0,1,NA,NA,NA,NA,NA,0
"49",2021,1,1,15,8,7,1,FALSE,FALSE,NA,0,FALSE,FALSE,0,NA,0,"blé d'hiver",0.31,0,0,NA,NA,0,0,0,0,1,NA,NA,NA,NA,NA,0
"50",2021,2,1,15,8,7,1,FALSE,FALSE,NA,0,FALSE,FALSE,0,NA,0,"blé d'hiver",0.31,0,0,NA,NA,0,0,0,0,1,NA,NA,NA,NA,NA,0
"51",2021,3,1,15,8,7,1,FALSE,FALSE,NA,0,FALSE,FALSE,0,NA,0,"blé d'hiver",0.31,0,0,NA,NA,0,0,0,0,1,NA,NA,NA,NA,NA,0
"52",2021,4,1,15,8,7,1,FALSE,FALSE,NA,0,FALSE,FALSE,0,NA,0,"blé d'hiver",0.31,0,0,NA,NA,0,0,0,0,1,NA,NA,NA,NA,NA,0
"53",2021,5,1,15,8,7,1,FALSE,FALSE,NA,0,FALSE,FALSE,0,NA,0,"blé d'hiver",0.31,0,0,NA,NA,0,0,0,0,1,NA,NA,NA,NA,NA,0
"54",2021,6,1,15,8,7,1,FALSE,FALSE,NA,0,FALSE,FALSE,0,NA,0,"blé d'hiver",0.31,0,0,NA,NA,0,0,0,0,1,NA,NA,NA,NA,NA,0
"55",2021,7,1,15,8,7,1,FALSE,FALSE,NA,0,FALSE,FALSE,0,NA,0,"blé d'hiver",0.31,0,0,NA,NA,0,0,0,0,1,NA,NA,NA,NA,NA,0
"56",2021,8,1,15,8,7,1,FALSE,TRUE,NA,0,FALSE,FALSE,0,NA,0,"blé d'hiver",0.31,2.08,0.64,NA,NA,0,0,2.08,0.64,1,NA,NA,NA,NA,NA,0
"57",2021,9,1,8,7,7,0,FALSE,FALSE,NA,0,FALSE,FALSE,0,NA,0,"orge d'hiver",0.31,0,0,NA,NA,0,0,0,0,0,NA,NA,NA,NA,NA,0
"58",2021,10,1,8,7,15,1,TRUE,FALSE,NA,0,FALSE,FALSE,0,NA,0,"orge d'hiver",0.31,0,0,NA,NA,0,0,0,0,1,NA,NA,NA,NA,NA,0
"59",2021,11,1,8,7,15,1,FALSE,FALSE,NA,0,FALSE,FALSE,0,NA,0,"orge d'hiver",0.31,0,0,NA,NA,0,0,0,0,1,NA,NA,NA,NA,NA,0
"60",2021,12,1,8,7,15,1,FALSE,FALSE,NA,0,FALSE,FALSE,0,NA,0,"orge d'hiver",0.31,0,0,NA,NA,0,0,0,0,1,NA,NA,NA,NA,NA,0
"61",2022,1,1,8,7,15,1,FALSE,FALSE,NA,0,FALSE,FALSE,0,NA,0,"orge d'hiver",0.31,0,0,NA,NA,0,0,0,0,1,NA,NA,NA,NA,NA,0
"62",2022,2,1,8,7,15,1,FALSE,FALSE,NA,0,FALSE,FALSE,0,NA,0,"orge d'hiver",0.31,0,0,NA,NA,0,0,0,0,1,NA,NA,NA,NA,NA,0
"63",2022,3,1,8,7,15,1,FALSE,FALSE,NA,0,FALSE,FALSE,0,NA,0,"orge d'hiver",0.31,0,0,NA,NA,0,0,0,0,1,NA,NA,NA,NA,NA,0
"64",2022,4,1,8,7,15,1,FALSE,FALSE,NA,0,FALSE,FALSE,0,NA,0,"orge d'hiver",0.31,0,0,NA,NA,0,0,0,0,1,NA,NA,NA,NA,NA,0
"65",2022,5,1,8,7,15,1,FALSE,FALSE,NA,0,FALSE,FALSE,0,NA,0,"orge d'hiver",0.31,0,0,NA,NA,0,0,0,0,1,NA,NA,NA,NA,NA,0
"66",2022,6,1,8,7,15,1,FALSE,FALSE,NA,0,FALSE,FALSE,0,NA,0,"orge d'hiver",0.31,0,0,NA,NA,0,0,0,0,1,NA,NA,NA,NA,NA,0
"67",2022,7,1,8,7,15,1,FALSE,TRUE,NA,0,FALSE,FALSE,0,6,30,"orge d'hiver",0.31,2.24,0.69,NA,NA,0,0,2.24,0.69,1,"Fumier Solide","Bovins",0.928,0.5,0.46,2.784
"68",2022,8,1,7,15,15,0,FALSE,FALSE,50,1,TRUE,FALSE,0,NA,0,"betterave avec feuilles et collet",0.22,0,0,"phacélie",0.3,0,0,0,0,1,NA,NA,NA,NA,NA,0
"69",2022,9,1,7,15,15,0,FALSE,FALSE,50,1,FALSE,FALSE,0,NA,0,"betterave avec feuilles et collet",0.22,0,0,"phacélie",0.3,0,0,0,0,1,NA,NA,NA,NA,NA,0
"70",2022,10,1,7,15,15,0,FALSE,FALSE,50,1,FALSE,FALSE,0,NA,0,"betterave avec feuilles et collet",0.22,0,0,"phacélie",0.3,0,0,0,0,1,NA,NA,NA,NA,NA,0
"71",2022,11,1,7,15,15,0,FALSE,FALSE,50,1,FALSE,FALSE,0,NA,0,"betterave avec feuilles et collet",0.22,0,0,"phacélie",0.3,0,0,0,0,1,NA,NA,NA,NA,NA,0
"72",2022,12,1,7,15,15,0,FALSE,FALSE,50,1,FALSE,FALSE,0,NA,0,"betterave avec feuilles et collet",0.22,0,0,"phacélie",0.3,0,0,0,0,1,NA,NA,NA,NA,NA,0
"73",2023,1,1,7,15,15,0,FALSE,FALSE,50,1,FALSE,FALSE,0,NA,0,"betterave avec feuilles et collet",0.22,0,0,"phacélie",0.3,0,0,0,0,1,NA,NA,NA,NA,NA,0
"74",2023,2,1,7,15,15,0,FALSE,FALSE,50,1,FALSE,FALSE,0,NA,0,"betterave avec feuilles et collet",0.22,0,0,"phacélie",0.3,0,0,0,0,1,NA,NA,NA,NA,NA,0
"75",2023,3,1,7,15,15,0,FALSE,FALSE,50,1,FALSE,TRUE,0,NA,0,"betterave avec feuilles et collet",0.22,0,0,"phacélie",0.3,1.12,0.34,1.12,0.34,1,NA,NA,NA,NA,NA,0
"76",2023,4,1,7,15,8,1,TRUE,FALSE,NA,0,FALSE,FALSE,0,NA,0,"betterave avec feuilles et collet",0.22,0,0,NA,NA,0,0,0,0,1,NA,NA,NA,NA,NA,0
"77",2023,5,1,7,15,8,1,FALSE,FALSE,NA,0,FALSE,FALSE,0,NA,0,"betterave avec feuilles et collet",0.22,0,0,NA,NA,0,0,0,0,1,NA,NA,NA,NA,NA,0
"78",2023,6,1,7,15,8,1,FALSE,FALSE,NA,0,FALSE,FALSE,30,NA,0,"betterave avec feuilles et collet",0.22,0,0,NA,NA,0,0,0,0,1,NA,NA,NA,NA,NA,0
"79",2023,7,1,7,15,8,1,FALSE,FALSE,NA,0,FALSE,FALSE,30,NA,0,"betterave avec feuilles et collet",0.22,0,0,NA,NA,0,0,0,0,1,NA,NA,NA,NA,NA,0
"80",2023,8,1,7,15,8,1,FALSE,FALSE,NA,0,FALSE,FALSE,30,NA,0,"betterave avec feuilles et collet",0.22,0,0,NA,NA,0,0,0,0,1,NA,NA,NA,NA,NA,0
"81",2023,9,1,7,15,8,1,FALSE,FALSE,NA,0,FALSE,FALSE,0,NA,0,"betterave avec feuilles et collet",0.22,0,0,NA,NA,0,0,0,0,1,NA,NA,NA,NA,NA,0
"82",2023,10,2,7,15,8,1,TRUE,TRUE,NA,0,FALSE,FALSE,0,NA,0,"betterave avec feuilles et collet",0.22,2.3,0.51,NA,NA,0,0,2.3,0.51,1,NA,NA,NA,NA,NA,0
"83",2023,11,2,15,8,7,1,FALSE,FALSE,NA,0,FALSE,FALSE,0,NA,0,"blé d'hiver",0.31,0,0,NA,NA,0,0,0,0,1,NA,NA,NA,NA,NA,0
"84",2023,12,2,15,8,7,1,FALSE,FALSE,NA,0,FALSE,FALSE,0,NA,0,"blé d'hiver",0.31,0,0,NA,NA,0,0,0,0,1,NA,NA,NA,NA,NA,0
"85",2024,1,2,15,8,7,1,FALSE,FALSE,NA,0,FALSE,FALSE,0,NA,0,"blé d'hiver",0.31,0,0,NA,NA,0,0,0,0,1,NA,NA,NA,NA,NA,0
"86",2024,2,2,15,8,7,1,FALSE,FALSE,NA,0,FALSE,FALSE,0,NA,0,"blé d'hiver",0.31,0,0,NA,NA,0,0,0,0,1,NA,NA,NA,NA,NA,0
"87",2024,3,2,15,8,7,1,FALSE,FALSE,NA,0,FALSE,FALSE,0,NA,0,"blé d'hiver",0.31,0,0,NA,NA,0,0,0,0,1,NA,NA,NA,NA,NA,0
"88",2024,4,2,15,8,7,1,FALSE,FALSE,NA,0,FALSE,FALSE,0,NA,0,"blé d'hiver",0.31,0,0,NA,NA,0,0,0,0,1,NA,NA,NA,NA,NA,0
"89",2024,5,2,15,8,7,1,FALSE,FALSE,NA,0,FALSE,FALSE,0,NA,0,"blé d'hiver",0.31,0,0,NA,NA,0,0,0,0,1,NA,NA,NA,NA,NA,0
"90",2024,6,2,15,8,7,1,FALSE,FALSE,NA,0,FALSE,FALSE,0,NA,0,"blé d'hiver",0.31,0,0,NA,NA,0,0,0,0,1,NA,NA,NA,NA,NA,0
"91",2024,7,2,15,8,7,1,FALSE,FALSE,NA,0,FALSE,FALSE,0,NA,0,"blé d'hiver",0.31,0,0,NA,NA,0,0,0,0,1,NA,NA,NA,NA,NA,0
"92",2024,8,2,15,8,7,1,FALSE,TRUE,NA,0,FALSE,FALSE,0,NA,0,"blé d'hiver",0.31,2.08,0.64,NA,NA,0,0,2.08,0.64,1,NA,NA,NA,NA,NA,0
"93",2024,9,2,8,7,7,0,FALSE,FALSE,NA,0,FALSE,FALSE,0,NA,0,"orge d'hiver",0.31,0,0,NA,NA,0,0,0,0,0,NA,NA,NA,NA,NA,0
"94",2024,10,2,8,7,15,1,TRUE,FALSE,NA,0,FALSE,FALSE,0,NA,0,"orge d'hiver",0.31,0,0,NA,NA,0,0,0,0,1,NA,NA,NA,NA,NA,0
"95",2024,11,2,8,7,15,1,FALSE,FALSE,NA,0,FALSE,FALSE,0,NA,0,"orge d'hiver",0.31,0,0,NA,NA,0,0,0,0,1,NA,NA,NA,NA,NA,0
"96",2024,12,2,8,7,15,1,FALSE,FALSE,NA,0,FALSE,FALSE,0,NA,0,"orge d'hiver",0.31,0,0,NA,NA,0,0,0,0,1,NA,NA,NA,NA,NA,0
"97",2025,1,2,8,7,15,1,FALSE,FALSE,NA,0,FALSE,FALSE,0,NA,0,"orge d'hiver",0.31,0,0,NA,NA,0,0,0,0,1,NA,NA,NA,NA,NA,0
"98",2025,2,2,8,7,15,1,FALSE,FALSE,NA,0,FALSE,FALSE,0,NA,0,"orge d'hiver",0.31,0,0,NA,NA,0,0,0,0,1,NA,NA,NA,NA,NA,0
"99",2025,3,2,8,7,15,1,FALSE,FALSE,NA,0,FALSE,FALSE,0,NA,0,"orge d'hiver",0.31,0,0,NA,NA,0,0,0,0,1,NA,NA,NA,NA,NA,0
"100",2025,4,2,8,7,15,1,FALSE,FALSE,NA,0,FALSE,FALSE,0,NA,0,"orge d'hiver",0.31,0,0,NA,NA,0,0,0,0,1,NA,NA,NA,NA,NA,0
"101",2025,5,2,8,7,15,1,FALSE,FALSE,NA,0,FALSE,FALSE,0,NA,0,"orge d'hiver",0.31,0,0,NA,NA,0,0,0,0,1,NA,NA,NA,NA,NA,0
"102",2025,6,2,8,7,15,1,FALSE,FALSE,NA,0,FALSE,FALSE,0,NA,0,"orge d'hiver",0.31,0,0,NA,NA,0,0,0,0,1,NA,NA,NA,NA,NA,0
"103",2025,7,2,8,7,15,1,FALSE,TRUE,NA,0,FALSE,FALSE,0,6,30,"orge d'hiver",0.31,2.24,0.69,NA,NA,0,0,2.24,0.69,1,"Fumier Solide","Bovins",0.928,0.5,0.46,2.784
"104",2025,8,2,7,15,15,0,FALSE,FALSE,50,1,TRUE,FALSE,0,NA,0,"betterave avec feuilles et collet",0.22,0,0,"phacélie",0.3,0,0,0,0,1,NA,NA,NA,NA,NA,0
"105",2025,9,2,7,15,15,0,FALSE,FALSE,50,1,FALSE,FALSE,0,NA,0,"betterave avec feuilles et collet",0.22,0,0,"phacélie",0.3,0,0,0,0,1,NA,NA,NA,NA,NA,0
"106",2025,10,2,7,15,15,0,FALSE,FALSE,50,1,FALSE,FALSE,0,NA,0,"betterave avec feuilles et collet",0.22,0,0,"phacélie",0.3,0,0,0,0,1,NA,NA,NA,NA,NA,0
"107",2025,11,2,7,15,15,0,FALSE,FALSE,50,1,FALSE,FALSE,0,NA,0,"betterave avec feuilles et collet",0.22,0,0,"phacélie",0.3,0,0,0,0,1,NA,NA,NA,NA,NA,0
"108",2025,12,2,7,15,15,0,FALSE,FALSE,50,1,FALSE,FALSE,0,NA,0,"betterave avec feuilles et collet",0.22,0,0,"phacélie",0.3,0,0,0,0,1,NA,NA,NA,NA,NA,0
"109",2026,1,2,7,15,15,0,FALSE,FALSE,50,1,FALSE,FALSE,0,NA,0,"betterave avec feuilles et collet",0.22,0,0,"phacélie",0.3,0,0,0,0,1,NA,NA,NA,NA,NA,0
"110",2026,2,2,7,15,15,0,FALSE,FALSE,50,1,FALSE,FALSE,0,NA,0,"betterave avec feuilles et collet",0.22,0,0,"phacélie",0.3,0,0,0,0,1,NA,NA,NA,NA,NA,0
"111",2026,3,2,7,15,15,0,FALSE,FALSE,50,1,FALSE,TRUE,0,NA,0,"betterave avec feuilles et collet",0.22,0,0,"phacélie",0.3,1.12,0.34,1.12,0.34,1,NA,NA,NA,NA,NA,0
"112",2026,4,2,7,15,8,1,TRUE,FALSE,NA,0,FALSE,FALSE,0,NA,0,"betterave avec feuilles et collet",0.22,0,0,NA,NA,0,0,0,0,1,NA,NA,NA,NA,NA,0
"113",2026,5,2,7,15,8,1,FALSE,FALSE,NA,0,FALSE,FALSE,0,NA,0,"betterave avec feuilles et collet",0.22,0,0,NA,NA,0,0,0,0,1,NA,NA,NA,NA,NA,0
"114",2026,6,2,7,15,8,1,FALSE,FALSE,NA,0,FALSE,FALSE,30,NA,0,"betterave avec feuilles et collet",0.22,0,0,NA,NA,0,0,0,0,1,NA,NA,NA,NA,NA,0
"115",2026,7,2,7,15,8,1,FALSE,FALSE,NA,0,FALSE,FALSE,30,NA,0,"betterave avec feuilles et collet",0.22,0,0,NA,NA,0,0,0,0,1,NA,NA,NA,NA,NA,0
"116",2026,8,2,7,15,8,1,FALSE,FALSE,NA,0,FALSE,FALSE,30,NA,0,"betterave avec feuilles et collet",0.22,0,0,NA,NA,0,0,0,0,1,NA,NA,NA,NA,NA,0
"117",2026,9,2,7,15,8,1,FALSE,FALSE,NA,0,FALSE,FALSE,0,NA,0,"betterave avec feuilles et collet",0.22,0,0,NA,NA,0,0,0,0,1,NA,NA,NA,NA,NA,0
"118",2026,10,3,7,15,8,1,TRUE,TRUE,NA,0,FALSE,FALSE,0,NA,0,"betterave avec feuilles et collet",0.22,2.3,0.51,NA,NA,0,0,2.3,0.51,1,NA,NA,NA,NA,NA,0
"119",2026,11,3,15,8,7,1,FALSE,FALSE,NA,0,FALSE,FALSE,0,NA,0,"blé d'hiver",0.31,0,0,NA,NA,0,0,0,0,1,NA,NA,NA,NA,NA,0
"120",2026,12,3,15,8,7,1,FALSE,FALSE,NA,0,FALSE,FALSE,0,NA,0,"blé d'hiver",0.31,0,0,NA,NA,0,0,0,0,1,NA,NA,NA,NA,NA,0
"121",2027,1,3,15,8,7,1,FALSE,FALSE,NA,0,FALSE,FALSE,0,NA,0,"blé d'hiver",0.31,0,0,NA,NA,0,0,0,0,1,NA,NA,NA,NA,NA,0
"122",2027,2,3,15,8,7,1,FALSE,FALSE,NA,0,FALSE,FALSE,0,NA,0,"blé d'hiver",0.31,0,0,NA,NA,0,0,0,0,1,NA,NA,NA,NA,NA,0
"123",2027,3,3,15,8,7,1,FALSE,FALSE,NA,0,FALSE,FALSE,0,NA,0,"blé d'hiver",0.31,0,0,NA,NA,0,0,0,0,1,NA,NA,NA,NA,NA,0
"124",2027,4,3,15,8,7,1,FALSE,FALSE,NA,0,FALSE,FALSE,0,NA,0,"blé d'hiver",0.31,0,0,NA,NA,0,0,0,0,1,NA,NA,NA,NA,NA,0
"125",2027,5,3,15,8,7,1,FALSE,FALSE,NA,0,FALSE,FALSE,0,NA,0,"blé d'hiver",0.31,0,0,NA,NA,0,0,0,0,1,NA,NA,NA,NA,NA,0
"126",2027,6,3,15,8,7,1,FALSE,FALSE,NA,0,FALSE,FALSE,0,NA,0,"blé d'hiver",0.31,0,0,NA,NA,0,0,0,0,1,NA,NA,NA,NA,NA,0
"127",2027,7,3,15,8,7,1,FALSE,FALSE,NA,0,FALSE,FALSE,0,NA,0,"blé d'hiver",0.31,0,0,NA,NA,0,0,0,0,1,NA,NA,NA,NA,NA,0
"128",2027,8,3,15,8,7,1,FALSE,TRUE,NA,0,FALSE,FALSE,0,NA,0,"blé d'hiver",0.31,2.08,0.64,NA,NA,0,0,2.08,0.64,1,NA,NA,NA,NA,NA,0
"129",2027,9,3,8,7,7,0,FALSE,FALSE,NA,0,FALSE,FALSE,0,NA,0,"orge d'hiver",0.31,0,0,NA,NA,0,0,0,0,0,NA,NA,NA,NA,NA,0
"130",2027,10,3,8,7,15,1,TRUE,FALSE,NA,0,FALSE,FALSE,0,NA,0,"orge d'hiver",0.31,0,0,NA,NA,0,0,0,0,1,NA,NA,NA,NA,NA,0
"131",2027,11,3,8,7,15,1,FALSE,FALSE,NA,0,FALSE,FALSE,0,NA,0,"orge d'hiver",0.31,0,0,NA,NA,0,0,0,0,1,NA,NA,NA,NA,NA,0
"132",2027,12,3,8,7,15,1,FALSE,FALSE,NA,0,FALSE,FALSE,0,NA,0,"orge d'hiver",0.31,0,0,NA,NA,0,0,0,0,1,NA,NA,NA,NA,NA,0
"133",2028,1,3,8,7,15,1,FALSE,FALSE,NA,0,FALSE,FALSE,0,NA,0,"orge d'hiver",0.31,0,0,NA,NA,0,0,0,0,1,NA,NA,NA,NA,NA,0
"134",2028,2,3,8,7,15,1,FALSE,FALSE,NA,0,FALSE,FALSE,0,NA,0,"orge d'hiver",0.31,0,0,NA,NA,0,0,0,0,1,NA,NA,NA,NA,NA,0
"135",2028,3,3,8,7,15,1,FALSE,FALSE,NA,0,FALSE,FALSE,0,NA,0,"orge d'hiver",0.31,0,0,NA,NA,0,0,0,0,1,NA,NA,NA,NA,NA,0
"136",2028,4,3,8,7,15,1,FALSE,FALSE,NA,0,FALSE,FALSE,0,NA,0,"orge d'hiver",0.31,0,0,NA,NA,0,0,0,0,1,NA,NA,NA,NA,NA,0
"137",2028,5,3,8,7,15,1,FALSE,FALSE,NA,0,FALSE,FALSE,0,NA,0,"orge d'hiver",0.31,0,0,NA,NA,0,0,0,0,1,NA,NA,NA,NA,NA,0
"138",2028,6,3,8,7,15,1,FALSE,FALSE,NA,0,FALSE,FALSE,0,NA,0,"orge d'hiver",0.31,0,0,NA,NA,0,0,0,0,1,NA,NA,NA,NA,NA,0
"139",2028,7,3,8,7,15,1,FALSE,TRUE,NA,0,FALSE,FALSE,0,6,30,"orge d'hiver",0.31,2.24,0.69,NA,NA,0,0,2.24,0.69,1,"Fumier Solide","Bovins",0.928,0.5,0.46,2.784
"140",2028,8,3,7,15,15,0,FALSE,FALSE,50,1,TRUE,FALSE,0,NA,0,"betterave avec feuilles et collet",0.22,0,0,"phacélie",0.3,0,0,0,0,1,NA,NA,NA,NA,NA,0
"141",2028,9,3,7,15,15,0,FALSE,FALSE,50,1,FALSE,FALSE,0,NA,0,"betterave avec feuilles et collet",0.22,0,0,"phacélie",0.3,0,0,0,0,1,NA,NA,NA,NA,NA,0
"142",2028,10,3,7,15,15,0,FALSE,FALSE,50,1,FALSE,FALSE,0,NA,0,"betterave avec feuilles et collet",0.22,0,0,"phacélie",0.3,0,0,0,0,1,NA,NA,NA,NA,NA,0
"143",2028,11,3,7,15,15,0,FALSE,FALSE,50,1,FALSE,FALSE,0,NA,0,"betterave avec feuilles et collet",0.22,0,0,"phacélie",0.3,0,0,0,0,1,NA,NA,NA,NA,NA,0
"144",2028,12,3,7,15,15,0,FALSE,FALSE,50,1,FALSE,FALSE,0,NA,0,"betterave avec feuilles et collet",0.22,0,0,"phacélie",0.3,0,0,0,0,1,NA,NA,NA,NA,NA,0
"145",2029,1,3,7,15,15,0,FALSE,FALSE,50,1,FALSE,FALSE,0,NA,0,"betterave avec feuilles et collet",0.22,0,0,"phacélie",0.3,0,0,0,0,1,NA,NA,NA,NA,NA,0
"146",2029,2,3,7,15,15,0,FALSE,FALSE,50,1,FALSE,FALSE,0,NA,0,"betterave avec feuilles et collet",0.22,0,0,"phacélie",0.3,0,0,0,0,1,NA,NA,NA,NA,NA,0
"147",2029,3,3,7,15,15,0,FALSE,FALSE,50,1,FALSE,TRUE,0,NA,0,"betterave avec feuilles et collet",0.22,0,0,"phacélie",0.3,1.12,0.34,1.12,0.34,1,NA,NA,NA,NA,NA,0
"148",2029,4,3,7,15,8,1,TRUE,FALSE,NA,0,FALSE,FALSE,0,NA,0,"betterave avec feuilles et collet",0.22,0,0,NA,NA,0,0,0,0,1,NA,NA,NA,NA,NA,0
"149",2029,5,3,7,15,8,1,FALSE,FALSE,NA,0,FALSE,FALSE,0,NA,0,"betterave avec feuilles et collet",0.22,0,0,NA,NA,0,0,0,0,1,NA,NA,NA,NA,NA,0
"150",2029,6,3,7,15,8,1,FALSE,FALSE,NA,0,FALSE,FALSE,30,NA,0,"betterave avec feuilles et collet",0.22,0,0,NA,NA,0,0,0,0,1,NA,NA,NA,NA,NA,0
"151",2029,7,3,7,15,8,1,FALSE,FALSE,NA,0,FALSE,FALSE,30,NA,0,"betterave avec feuilles et collet",0.22,0,0,NA,NA,0,0,0,0,1,NA,NA,NA,NA,NA,0
"152",2029,8,3,7,15,8,1,FALSE,FALSE,NA,0,FALSE,FALSE,30,NA,0,"betterave avec feuilles et collet",0.22,0,0,NA,NA,0,0,0,0,1,NA,NA,NA,NA,NA,0
"153",2029,9,3,7,15,8,1,FALSE,FALSE,NA,0,FALSE,FALSE,0,NA,0,"betterave avec feuilles et collet",0.22,0,0,NA,NA,0,0,0,0,1,NA,NA,NA,NA,NA,0
"154",2029,10,4,7,15,8,1,TRUE,TRUE,NA,0,FALSE,FALSE,0,NA,0,"betterave avec feuilles et collet",0.22,2.3,0.51,NA,NA,0,0,2.3,0.51,1,NA,NA,NA,NA,NA,0
"155",2029,11,4,15,8,7,1,FALSE,FALSE,NA,0,FALSE,FALSE,0,NA,0,"blé d'hiver",0.31,0,0,NA,NA,0,0,0,0,1,NA,NA,NA,NA,NA,0
"156",2029,12,4,15,8,7,1,FALSE,FALSE,NA,0,FALSE,FALSE,0,NA,0,"blé d'hiver",0.31,0,0,NA,NA,0,0,0,0,1,NA,NA,NA,NA,NA,0
"157",2030,1,4,15,8,7,1,FALSE,FALSE,NA,0,FALSE,FALSE,0,NA,0,"blé d'hiver",0.31,0,0,NA,NA,0,0,0,0,1,NA,NA,NA,NA,NA,0
"158",2030,2,4,15,8,7,1,FALSE,FALSE,NA,0,FALSE,FALSE,0,NA,0,"blé d'hiver",0.31,0,0,NA,NA,0,0,0,0,1,NA,NA,NA,NA,NA,0
"159",2030,3,4,15,8,7,1,FALSE,FALSE,NA,0,FALSE,FALSE,0,NA,0,"blé d'hiver",0.31,0,0,NA,NA,0,0,0,0,1,NA,NA,NA,NA,NA,0
"160",2030,4,4,15,8,7,1,FALSE,FALSE,NA,0,FALSE,FALSE,0,NA,0,"blé d'hiver",0.31,0,0,NA,NA,0,0,0,0,1,NA,NA,NA,NA,NA,0
"161",2030,5,4,15,8,7,1,FALSE,FALSE,NA,0,FALSE,FALSE,0,NA,0,"blé d'hiver",0.31,0,0,NA,NA,0,0,0,0,1,NA,NA,NA,NA,NA,0
"162",2030,6,4,15,8,7,1,FALSE,FALSE,NA,0,FALSE,FALSE,0,NA,0,"blé d'hiver",0.31,0,0,NA,NA,0,0,0,0,1,NA,NA,NA,NA,NA,0
"163",2030,7,4,15,8,7,1,FALSE,FALSE,NA,0,FALSE,FALSE,0,NA,0,"blé d'hiver",0.31,0,0,NA,NA,0,0,0,0,1,NA,NA,NA,NA,NA,0
"164",2030,8,4,15,8,7,1,FALSE,TRUE,NA,0,FALSE,FALSE,0,NA,0,"blé d'hiver",0.31,2.08,0.64,NA,NA,0,0,2.08,0.64,1,NA,NA,NA,NA,NA,0
"165",2030,9,4,8,7,7,0,FALSE,FALSE,NA,0,FALSE,FALSE,0,NA,0,"orge d'hiver",0.31,0,0,NA,NA,0,0,0,0,0,NA,NA,NA,NA,NA,0
"166",2030,10,4,8,7,15,1,TRUE,FALSE,NA,0,FALSE,FALSE,0,NA,0,"orge d'hiver",0.31,0,0,NA,NA,0,0,0,0,1,NA,NA,NA,NA,NA,0
"167",2030,11,4,8,7,15,1,FALSE,FALSE,NA,0,FALSE,FALSE,0,NA,0,"orge d'hiver",0.31,0,0,NA,NA,0,0,0,0,1,NA,NA,NA,NA,NA,0
"168",2030,12,4,8,7,15,1,FALSE,FALSE,NA,0,FALSE,FALSE,0,NA,0,"orge d'hiver",0.31,0,0,NA,NA,0,0,0,0,1,NA,NA,NA,NA,NA,0
"169",2031,1,4,8,7,15,1,FALSE,FALSE,NA,0,FALSE,FALSE,0,NA,0,"orge d'hiver",0.31,0,0,NA,NA,0,0,0,0,1,NA,NA,NA,NA,NA,0
"170",2031,2,4,8,7,15,1,FALSE,FALSE,NA,0,FALSE,FALSE,0,NA,0,"orge d'hiver",0.31,0,0,NA,NA,0,0,0,0,1,NA,NA,NA,NA,NA,0
"171",2031,3,4,8,7,15,1,FALSE,FALSE,NA,0,FALSE,FALSE,0,NA,0,"orge d'hiver",0.31,0,0,NA,NA,0,0,0,0,1,NA,NA,NA,NA,NA,0
"172",2031,4,4,8,7,15,1,FALSE,FALSE,NA,0,FALSE,FALSE,0,NA,0,"orge d'hiver",0.31,0,0,NA,NA,0,0,0,0,1,NA,NA,NA,NA,NA,0
"173",2031,5,4,8,7,15,1,FALSE,FALSE,NA,0,FALSE,FALSE,0,NA,0,"orge d'hiver",0.31,0,0,NA,NA,0,0,0,0,1,NA,NA,NA,NA,NA,0
"174",2031,6,4,8,7,15,1,FALSE,FALSE,NA,0,FALSE,FALSE,0,NA,0,"orge d'hiver",0.31,0,0,NA,NA,0,0,0,0,1,NA,NA,NA,NA,NA,0
"175",2031,7,4,8,7,15,1,FALSE,TRUE,NA,0,FALSE,FALSE,0,6,30,"orge d'hiver",0.31,2.24,0.69,NA,NA,0,0,2.24,0.69,1,"Fumier Solide","Bovins",0.928,0.5,0.46,2.784
"176",2031,8,4,7,15,15,0,FALSE,FALSE,50,1,TRUE,FALSE,0,NA,0,"betterave avec feuilles et collet",0.22,0,0,"phacélie",0.3,0,0,0,0,1,NA,NA,NA,NA,NA,0
"177",2031,9,4,7,15,15,0,FALSE,FALSE,50,1,FALSE,FALSE,0,NA,0,"betterave avec feuilles et collet",0.22,0,0,"phacélie",0.3,0,0,0,0,1,NA,NA,NA,NA,NA,0
"178",2031,10,4,7,15,15,0,FALSE,FALSE,50,1,FALSE,FALSE,0,NA,0,"betterave avec feuilles et collet",0.22,0,0,"phacélie",0.3,0,0,0,0,1,NA,NA,NA,NA,NA,0
"179",2031,11,4,7,15,15,0,FALSE,FALSE,50,1,FALSE,FALSE,0,NA,0,"betterave avec feuilles et collet",0.22,0,0,"phacélie",0.3,0,0,0,0,1,NA,NA,NA,NA,NA,0
"180",2031,12,4,7,15,15,0,FALSE,FALSE,50,1,FALSE,FALSE,0,NA,0,"betterave avec feuilles et collet",0.22,0,0,"phacélie",0.3,0,0,0,0,1,NA,NA,NA,NA,NA,0
"181",2032,1,4,7,15,15,0,FALSE,FALSE,50,1,FALSE,FALSE,0,NA,0,"betterave avec feuilles et collet",0.22,0,0,"phacélie",0.3,0,0,0,0,1,NA,NA,NA,NA,NA,0
"182",2032,2,4,7,15,15,0,FALSE,FALSE,50,1,FALSE,FALSE,0,NA,0,"betterave avec feuilles et collet",0.22,0,0,"phacélie",0.3,0,0,0,0,1,NA,NA,NA,NA,NA,0
"183",2032,3,4,7,15,15,0,FALSE,FALSE,50,1,FALSE,TRUE,0,NA,0,"betterave avec feuilles et collet",0.22,0,0,"phacélie",0.3,1.12,0.34,1.12,0.34,1,NA,NA,NA,NA,NA,0
"184",2032,4,4,7,15,8,1,TRUE,FALSE,NA,0,FALSE,FALSE,0,NA,0,"betterave avec feuilles et collet",0.22,0,0,NA,NA,0,0,0,0,1,NA,NA,NA,NA,NA,0
"185",2032,5,4,7,15,8,1,FALSE,FALSE,NA,0,FALSE,FALSE,0,NA,0,"betterave avec feuilles et collet",0.22,0,0,NA,NA,0,0,0,0,1,NA,NA,NA,NA,NA,0
"186",2032,6,4,7,15,8,1,FALSE,FALSE,NA,0,FALSE,FALSE,30,NA,0,"betterave avec feuilles et collet",0.22,0,0,NA,NA,0,0,0,0,1,NA,NA,NA,NA,NA,0
"187",2032,7,4,7,15,8,1,FALSE,FALSE,NA,0,FALSE,FALSE,30,NA,0,"betterave avec feuilles et collet",0.22,0,0,NA,NA,0,0,0,0,1,NA,NA,NA,NA,NA,0
"188",2032,8,4,7,15,8,1,FALSE,FALSE,NA,0,FALSE,FALSE,30,NA,0,"betterave avec feuilles et collet",0.22,0,0,NA,NA,0,0,0,0,1,NA,NA,NA,NA,NA,0
"189",2032,9,4,7,15,8,1,FALSE,FALSE,NA,0,FALSE,FALSE,0,NA,0,"betterave avec feuilles et collet",0.22,0,0,NA,NA,0,0,0,0,1,NA,NA,NA,NA,NA,0
"190",2032,10,5,7,15,8,1,TRUE,TRUE,NA,0,FALSE,FALSE,0,NA,0,"betterave avec feuilles et collet",0.22,2.3,0.51,NA,NA,0,0,2.3,0.51,1,NA,NA,NA,NA,NA,0
"191",2032,11,5,15,8,7,1,FALSE,FALSE,NA,0,FALSE,FALSE,0,NA,0,"blé d'hiver",0.31,0,0,NA,NA,0,0,0,0,1,NA,NA,NA,NA,NA,0
"192",2032,12,5,15,8,7,1,FALSE,FALSE,NA,0,FALSE,FALSE,0,NA,0,"blé d'hiver",0.31,0,0,NA,NA,0,0,0,0,1,NA,NA,NA,NA,NA,0
"193",2033,1,5,15,8,7,1,FALSE,FALSE,NA,0,FALSE,FALSE,0,NA,0,"blé d'hiver",0.31,0,0,NA,NA,0,0,0,0,1,NA,NA,NA,NA,NA,0
"194",2033,2,5,15,8,7,1,FALSE,FALSE,NA,0,FALSE,FALSE,0,NA,0,"blé d'hiver",0.31,0,0,NA,NA,0,0,0,0,1,NA,NA,NA,NA,NA,0
"195",2033,3,5,15,8,7,1,FALSE,FALSE,NA,0,FALSE,FALSE,0,NA,0,"blé d'hiver",0.31,0,0,NA,NA,0,0,0,0,1,NA,NA,NA,NA,NA,0
"196",2033,4,5,15,8,7,1,FALSE,FALSE,NA,0,FALSE,FALSE,0,NA,0,"blé d'hiver",0.31,0,0,NA,NA,0,0,0,0,1,NA,NA,NA,NA,NA,0
"197",2033,5,5,15,8,7,1,FALSE,FALSE,NA,0,FALSE,FALSE,0,NA,0,"blé d'hiver",0.31,0,0,NA,NA,0,0,0,0,1,NA,NA,NA,NA,NA,0
"198",2033,6,5,15,8,7,1,FALSE,FALSE,NA,0,FALSE,FALSE,0,NA,0,"blé d'hiver",0.31,0,0,NA,NA,0,0,0,0,1,NA,NA,NA,NA,NA,0
"199",2033,7,5,15,8,7,1,FALSE,FALSE,NA,0,FALSE,FALSE,0,NA,0,"blé d'hiver",0.31,0,0,NA,NA,0,0,0,0,1,NA,NA,NA,NA,NA,0
"200",2033,8,5,15,8,7,1,FALSE,TRUE,NA,0,FALSE,FALSE,0,NA,0,"blé d'hiver",0.31,2.08,0.64,NA,NA,0,0,2.08,0.64,1,NA,NA,NA,NA,NA,0
"201",2033,9,5,8,7,7,0,FALSE,FALSE,NA,0,FALSE,FALSE,0,NA,0,"orge d'hiver",0.31,0,0,NA,NA,0,0,0,0,0,NA,NA,NA,NA,NA,0
"202",2033,10,5,8,7,15,1,TRUE,FALSE,NA,0,FALSE,FALSE,0,NA,0,"orge d'hiver",0.31,0,0,NA,NA,0,0,0,0,1,NA,NA,NA,NA,NA,0
"203",2033,11,5,8,7,15,1,FALSE,FALSE,NA,0,FALSE,FALSE,0,NA,0,"orge d'hiver",0.31,0,0,NA,NA,0,0,0,0,1,NA,NA,NA,NA,NA,0
"204",2033,12,5,8,7,15,1,FALSE,FALSE,NA,0,FALSE,FALSE,0,NA,0,"orge d'hiver",0.31,0,0,NA,NA,0,0,0,0,1,NA,NA,NA,NA,NA,0
"205",2034,1,5,8,7,15,1,FALSE,FALSE,NA,0,FALSE,FALSE,0,NA,0,"orge d'hiver",0.31,0,0,NA,NA,0,0,0,0,1,NA,NA,NA,NA,NA,0
"206",2034,2,5,8,7,15,1,FALSE,FALSE,NA,0,FALSE,FALSE,0,NA,0,"orge d'hiver",0.31,0,0,NA,NA,0,0,0,0,1,NA,NA,NA,NA,NA,0
"207",2034,3,5,8,7,15,1,FALSE,FALSE,NA,0,FALSE,FALSE,0,NA,0,"orge d'hiver",0.31,0,0,NA,NA,0,0,0,0,1,NA,NA,NA,NA,NA,0
"208",2034,4,5,8,7,15,1,FALSE,FALSE,NA,0,FALSE,FALSE,0,NA,0,"orge d'hiver",0.31,0,0,NA,NA,0,0,0,0,1,NA,NA,NA,NA,NA,0
"209",2034,5,5,8,7,15,1,FALSE,FALSE,NA,0,FALSE,FALSE,0,NA,0,"orge d'hiver",0.31,0,0,NA,NA,0,0,0,0,1,NA,NA,NA,NA,NA,0
"210",2034,6,5,8,7,15,1,FALSE,FALSE,NA,0,FALSE,FALSE,0,NA,0,"orge d'hiver",0.31,0,0,NA,NA,0,0,0,0,1,NA,NA,NA,NA,NA,0
"211",2034,7,5,8,7,15,1,FALSE,TRUE,NA,0,FALSE,FALSE,0,6,30,"orge d'hiver",0.31,2.24,0.69,NA,NA,0,0,2.24,0.69,1,"Fumier Solide","Bovins",0.928,0.5,0.46,2.784
"212",2034,8,5,7,15,15,0,FALSE,FALSE,50,1,TRUE,FALSE,0,NA,0,"betterave avec feuilles et collet",0.22,0,0,"phacélie",0.3,0,0,0,0,1,NA,NA,NA,NA,NA,0
"213",2034,9,5,7,15,15,0,FALSE,FALSE,50,1,FALSE,FALSE,0,NA,0,"betterave avec feuilles et collet",0.22,0,0,"phacélie",0.3,0,0,0,0,1,NA,NA,NA,NA,NA,0
"214",2034,10,5,7,15,15,0,FALSE,FALSE,50,1,FALSE,FALSE,0,NA,0,"betterave avec feuilles et collet",0.22,0,0,"phacélie",0.3,0,0,0,0,1,NA,NA,NA,NA,NA,0
"215",2034,11,5,7,15,15,0,FALSE,FALSE,50,1,FALSE,FALSE,0,NA,0,"betterave avec feuilles et collet",0.22,0,0,"phacélie",0.3,0,0,0,0,1,NA,NA,NA,NA,NA,0
"216",2034,12,5,7,15,15,0,FALSE,FALSE,50,1,FALSE,FALSE,0,NA,0,"betterave avec feuilles et collet",0.22,0,0,"phacélie",0.3,0,0,0,0,1,NA,NA,NA,NA,NA,0
"217",2035,1,5,7,15,15,0,FALSE,FALSE,50,1,FALSE,FALSE,0,NA,0,"betterave avec feuilles et collet",0.22,0,0,"phacélie",0.3,0,0,0,0,1,NA,NA,NA,NA,NA,0
"218",2035,2,5,7,15,15,0,FALSE,FALSE,50,1,FALSE,FALSE,0,NA,0,"betterave avec feuilles et collet",0.22,0,0,"phacélie",0.3,0,0,0,0,1,NA,NA,NA,NA,NA,0
"219",2035,3,5,7,15,15,0,FALSE,FALSE,50,1,FALSE,TRUE,0,NA,0,"betterave avec feuilles et collet",0.22,0,0,"phacélie",0.3,1.12,0.34,1.12,0.34,1,NA,NA,NA,NA,NA,0
"220",2035,4,5,7,15,8,1,TRUE,FALSE,NA,0,FALSE,FALSE,0,NA,0,"betterave avec feuilles et collet",0.22,0,0,NA,NA,0,0,0,0,1,NA,NA,NA,NA,NA,0
"221",2035,5,5,7,15,8,1,FALSE,FALSE,NA,0,FALSE,FALSE,0,NA,0,"betterave avec feuilles et collet",0.22,0,0,NA,NA,0,0,0,0,1,NA,NA,NA,NA,NA,0
"222",2035,6,5,7,15,8,1,FALSE,FALSE,NA,0,FALSE,FALSE,30,NA,0,"betterave avec feuilles et collet",0.22,0,0,NA,NA,0,0,0,0,1,NA,NA,NA,NA,NA,0
"223",2035,7,5,7,15,8,1,FALSE,FALSE,NA,0,FALSE,FALSE,30,NA,0,"betterave avec feuilles et collet",0.22,0,0,NA,NA,0,0,0,0,1,NA,NA,NA,NA,NA,0
"224",2035,8,5,7,15,8,1,FALSE,FALSE,NA,0,FALSE,FALSE,30,NA,0,"betterave avec feuilles et collet",0.22,0,0,NA,NA,0,0,0,0,1,NA,NA,NA,NA,NA,0
"225",2035,9,5,7,15,8,1,FALSE,FALSE,NA,0,FALSE,FALSE,0,NA,0,"betterave avec feuilles et collet",0.22,0,0,NA,NA,0,0,0,0,1,NA,NA,NA,NA,NA,0
"226",2035,10,6,7,15,8,1,TRUE,TRUE,NA,0,FALSE,FALSE,0,NA,0,"betterave avec feuilles et collet",0.22,2.3,0.51,NA,NA,0,0,2.3,0.51,1,NA,NA,NA,NA,NA,0
"227",2035,11,6,15,8,7,1,FALSE,FALSE,NA,0,FALSE,FALSE,0,NA,0,"blé d'hiver",0.31,0,0,NA,NA,0,0,0,0,1,NA,NA,NA,NA,NA,0
"228",2035,12,6,15,8,7,1,FALSE,FALSE,NA,0,FALSE,FALSE,0,NA,0,"blé d'hiver",0.31,0,0,NA,NA,0,0,0,0,1,NA,NA,NA,NA,NA,0
"229",2036,1,6,15,8,7,1,FALSE,FALSE,NA,0,FALSE,FALSE,0,NA,0,"blé d'hiver",0.31,0,0,NA,NA,0,0,0,0,1,NA,NA,NA,NA,NA,0
"230",2036,2,6,15,8,7,1,FALSE,FALSE,NA,0,FALSE,FALSE,0,NA,0,"blé d'hiver",0.31,0,0,NA,NA,0,0,0,0,1,NA,NA,NA,NA,NA,0
"231",2036,3,6,15,8,7,1,FALSE,FALSE,NA,0,FALSE,FALSE,0,NA,0,"blé d'hiver",0.31,0,0,NA,NA,0,0,0,0,1,NA,NA,NA,NA,NA,0
"232",2036,4,6,15,8,7,1,FALSE,FALSE,NA,0,FALSE,FALSE,0,NA,0,"blé d'hiver",0.31,0,0,NA,NA,0,0,0,0,1,NA,NA,NA,NA,NA,0
"233",2036,5,6,15,8,7,1,FALSE,FALSE,NA,0,FALSE,FALSE,0,NA,0,"blé d'hiver",0.31,0,0,NA,NA,0,0,0,0,1,NA,NA,NA,NA,NA,0
"234",2036,6,6,15,8,7,1,FALSE,FALSE,NA,0,FALSE,FALSE,0,NA,0,"blé d'hiver",0.31,0,0,NA,NA,0,0,0,0,1,NA,NA,NA,NA,NA,0
"235",2036,7,6,15,8,7,1,FALSE,FALSE,NA,0,FALSE,FALSE,0,NA,0,"blé d'hiver",0.31,0,0,NA,NA,0,0,0,0,1,NA,NA,NA,NA,NA,0
"236",2036,8,6,15,8,7,1,FALSE,TRUE,NA,0,FALSE,FALSE,0,NA,0,"blé d'hiver",0.31,2.08,0.64,NA,NA,0,0,2.08,0.64,1,NA,NA,NA,NA,NA,0
"237",2036,9,6,8,7,7,0,FALSE,FALSE,NA,0,FALSE,FALSE,0,NA,0,"orge d'hiver",0.31,0,0,NA,NA,0,0,0,0,0,NA,NA,NA,NA,NA,0
"238",2036,10,6,8,7,15,1,TRUE,FALSE,NA,0,FALSE,FALSE,0,NA,0,"orge d'hiver",0.31,0,0,NA,NA,0,0,0,0,1,NA,NA,NA,NA,NA,0
"239",2036,11,6,8,7,15,1,FALSE,FALSE,NA,0,FALSE,FALSE,0,NA,0,"orge d'hiver",0.31,0,0,NA,NA,0,0,0,0,1,NA,NA,NA,NA,NA,0
"240",2036,12,6,8,7,15,1,FALSE,FALSE,NA,0,FALSE,FALSE,0,NA,0,"orge d'hiver",0.31,0,0,NA,NA,0,0,0,0,1,NA,NA,NA,NA,NA,0
"241",2037,1,6,8,7,15,1,FALSE,FALSE,NA,0,FALSE,FALSE,0,NA,0,"orge d'hiver",0.31,0,0,NA,NA,0,0,0,0,1,NA,NA,NA,NA,NA,0
"242",2037,2,6,8,7,15,1,FALSE,FALSE,NA,0,FALSE,FALSE,0,NA,0,"orge d'hiver",0.31,0,0,NA,NA,0,0,0,0,1,NA,NA,NA,NA,NA,0
"243",2037,3,6,8,7,15,1,FALSE,FALSE,NA,0,FALSE,FALSE,0,NA,0,"orge d'hiver",0.31,0,0,NA,NA,0,0,0,0,1,NA,NA,NA,NA,NA,0
"244",2037,4,6,8,7,15,1,FALSE,FALSE,NA,0,FALSE,FALSE,0,NA,0,"orge d'hiver",0.31,0,0,NA,NA,0,0,0,0,1,NA,NA,NA,NA,NA,0
"245",2037,5,6,8,7,15,1,FALSE,FALSE,NA,0,FALSE,FALSE,0,NA,0,"orge d'hiver",0.31,0,0,NA,NA,0,0,0,0,1,NA,NA,NA,NA,NA,0
"246",2037,6,6,8,7,15,1,FALSE,FALSE,NA,0,FALSE,FALSE,0,NA,0,"orge d'hiver",0.31,0,0,NA,NA,0,0,0,0,1,NA,NA,NA,NA,NA,0
"247",2037,7,6,8,7,15,1,FALSE,TRUE,NA,0,FALSE,FALSE,0,6,30,"orge d'hiver",0.31,2.24,0.69,NA,NA,0,0,2.24,0.69,1,"Fumier Solide","Bovins",0.928,0.5,0.46,2.784
"248",2037,8,6,7,15,15,0,FALSE,FALSE,50,1,TRUE,FALSE,0,NA,0,"betterave avec feuilles et collet",0.22,0,0,"phacélie",0.3,0,0,0,0,1,NA,NA,NA,NA,NA,0
"249",2037,9,6,7,15,15,0,FALSE,FALSE,50,1,FALSE,FALSE,0,NA,0,"betterave avec feuilles et collet",0.22,0,0,"phacélie",0.3,0,0,0,0,1,NA,NA,NA,NA,NA,0
"250",2037,10,6,7,15,15,0,FALSE,FALSE,50,1,FALSE,FALSE,0,NA,0,"betterave avec feuilles et collet",0.22,0,0,"phacélie",0.3,0,0,0,0,1,NA,NA,NA,NA,NA,0
"251",2037,11,6,7,15,15,0,FALSE,FALSE,50,1,FALSE,FALSE,0,NA,0,"betterave avec feuilles et collet",0.22,0,0,"phacélie",0.3,0,0,0,0,1,NA,NA,NA,NA,NA,0
"252",2037,12,6,7,15,15,0,FALSE,FALSE,50,1,FALSE,FALSE,0,NA,0,"betterave avec feuilles et collet",0.22,0,0,"phacélie",0.3,0,0,0,0,1,NA,NA,NA,NA,NA,0
"253",2038,1,6,7,15,15,0,FALSE,FALSE,50,1,FALSE,FALSE,0,NA,0,"betterave avec feuilles et collet",0.22,0,0,"phacélie",0.3,0,0,0,0,1,NA,NA,NA,NA,NA,0
"254",2038,2,6,7,15,15,0,FALSE,FALSE,50,1,FALSE,FALSE,0,NA,0,"betterave avec feuilles et collet",0.22,0,0,"phacélie",0.3,0,0,0,0,1,NA,NA,NA,NA,NA,0
"255",2038,3,6,7,15,15,0,FALSE,FALSE,50,1,FALSE,TRUE,0,NA,0,"betterave avec feuilles et collet",0.22,0,0,"phacélie",0.3,1.12,0.34,1.12,0.34,1,NA,NA,NA,NA,NA,0
"256",2038,4,6,7,15,8,1,TRUE,FALSE,NA,0,FALSE,FALSE,0,NA,0,"betterave avec feuilles et collet",0.22,0,0,NA,NA,0,0,0,0,1,NA,NA,NA,NA,NA,0
"257",2038,5,6,7,15,8,1,FALSE,FALSE,NA,0,FALSE,FALSE,0,NA,0,"betterave avec feuilles et collet",0.22,0,0,NA,NA,0,0,0,0,1,NA,NA,NA,NA,NA,0
"258",2038,6,6,7,15,8,1,FALSE,FALSE,NA,0,FALSE,FALSE,30,NA,0,"betterave avec feuilles et collet",0.22,0,0,NA,NA,0,0,0,0,1,NA,NA,NA,NA,NA,0
"259",2038,7,6,7,15,8,1,FALSE,FALSE,NA,0,FALSE,FALSE,30,NA,0,"betterave avec feuilles et collet",0.22,0,0,NA,NA,0,0,0,0,1,NA,NA,NA,NA,NA,0
"260",2038,8,6,7,15,8,1,FALSE,FALSE,NA,0,FALSE,FALSE,30,NA,0,"betterave avec feuilles et collet",0.22,0,0,NA,NA,0,0,0,0,1,NA,NA,NA,NA,NA,0
"261",2038,9,6,7,15,8,1,FALSE,FALSE,NA,0,FALSE,FALSE,0,NA,0,"betterave avec feuilles et collet",0.22,0,0,NA,NA,0,0,0,0,1,NA,NA,NA,NA,NA,0
"262",2038,10,7,7,15,8,1,TRUE,TRUE,NA,0,FALSE,FALSE,0,NA,0,"betterave avec feuilles et collet",0.22,2.3,0.51,NA,NA,0,0,2.3,0.51,1,NA,NA,NA,NA,NA,0
"263",2038,11,7,15,8,7,1,FALSE,FALSE,NA,0,FALSE,FALSE,0,NA,0,"blé d'hiver",0.31,0,0,NA,NA,0,0,0,0,1,NA,NA,NA,NA,NA,0
"264",2038,12,7,15,8,7,1,FALSE,FALSE,NA,0,FALSE,FALSE,0,NA,0,"blé d'hiver",0.31,0,0,NA,NA,0,0,0,0,1,NA,NA,NA,NA,NA,0
"265",2039,1,7,15,8,7,1,FALSE,FALSE,NA,0,FALSE,FALSE,0,NA,0,"blé d'hiver",0.31,0,0,NA,NA,0,0,0,0,1,NA,NA,NA,NA,NA,0
"266",2039,2,7,15,8,7,1,FALSE,FALSE,NA,0,FALSE,FALSE,0,NA,0,"blé d'hiver",0.31,0,0,NA,NA,0,0,0,0,1,NA,NA,NA,NA,NA,0
"267",2039,3,7,15,8,7,1,FALSE,FALSE,NA,0,FALSE,FALSE,0,NA,0,"blé d'hiver",0.31,0,0,NA,NA,0,0,0,0,1,NA,NA,NA,NA,NA,0
"268",2039,4,7,15,8,7,1,FALSE,FALSE,NA,0,FALSE,FALSE,0,NA,0,"blé d'hiver",0.31,0,0,NA,NA,0,0,0,0,1,NA,NA,NA,NA,NA,0
"269",2039,5,7,15,8,7,1,FALSE,FALSE,NA,0,FALSE,FALSE,0,NA,0,"blé d'hiver",0.31,0,0,NA,NA,0,0,0,0,1,NA,NA,NA,NA,NA,0
"270",2039,6,7,15,8,7,1,FALSE,FALSE,NA,0,FALSE,FALSE,0,NA,0,"blé d'hiver",0.31,0,0,NA,NA,0,0,0,0,1,NA,NA,NA,NA,NA,0
"271",2039,7,7,15,8,7,1,FALSE,FALSE,NA,0,FALSE,FALSE,0,NA,0,"blé d'hiver",0.31,0,0,NA,NA,0,0,0,0,1,NA,NA,NA,NA,NA,0
"272",2039,8,7,15,8,7,1,FALSE,TRUE,NA,0,FALSE,FALSE,0,NA,0,"blé d'hiver",0.31,2.08,0.64,NA,NA,0,0,2.08,0.64,1,NA,NA,NA,NA,NA,0
"273",2039,9,7,8,7,7,0,FALSE,FALSE,NA,0,FALSE,FALSE,0,NA,0,"orge d'hiver",0.31,0,0,NA,NA,0,0,0,0,0,NA,NA,NA,NA,NA,0
"274",2039,10,7,8,7,15,1,TRUE,FALSE,NA,0,FALSE,FALSE,0,NA,0,"orge d'hiver",0.31,0,0,NA,NA,0,0,0,0,1,NA,NA,NA,NA,NA,0
"275",2039,11,7,8,7,15,1,FALSE,FALSE,NA,0,FALSE,FALSE,0,NA,0,"orge d'hiver",0.31,0,0,NA,NA,0,0,0,0,1,NA,NA,NA,NA,NA,0
"276",2039,12,7,8,7,15,1,FALSE,FALSE,NA,0,FALSE,FALSE,0,NA,0,"orge d'hiver",0.31,0,0,NA,NA,0,0,0,0,1,NA,NA,NA,NA,NA,0
"277",2040,1,7,8,7,15,1,FALSE,FALSE,NA,0,FALSE,FALSE,0,NA,0,"orge d'hiver",0.31,0,0,NA,NA,0,0,0,0,1,NA,NA,NA,NA,NA,0
"278",2040,2,7,8,7,15,1,FALSE,FALSE,NA,0,FALSE,FALSE,0,NA,0,"orge d'hiver",0.31,0,0,NA,NA,0,0,0,0,1,NA,NA,NA,NA,NA,0
"279",2040,3,7,8,7,15,1,FALSE,FALSE,NA,0,FALSE,FALSE,0,NA,0,"orge d'hiver",0.31,0,0,NA,NA,0,0,0,0,1,NA,NA,NA,NA,NA,0
"280",2040,4,7,8,7,15,1,FALSE,FALSE,NA,0,FALSE,FALSE,0,NA,0,"orge d'hiver",0.31,0,0,NA,NA,0,0,0,0,1,NA,NA,NA,NA,NA,0
"281",2040,5,7,8,7,15,1,FALSE,FALSE,NA,0,FALSE,FALSE,0,NA,0,"orge d'hiver",0.31,0,0,NA,NA,0,0,0,0,1,NA,NA,NA,NA,NA,0
"282",2040,6,7,8,7,15,1,FALSE,FALSE,NA,0,FALSE,FALSE,0,NA,0,"orge d'hiver",0.31,0,0,NA,NA,0,0,0,0,1,NA,NA,NA,NA,NA,0
"283",2040,7,7,8,7,15,1,FALSE,TRUE,NA,0,FALSE,FALSE,0,6,30,"orge d'hiver",0.31,2.24,0.69,NA,NA,0,0,2.24,0.69,1,"Fumier Solide","Bovins",0.928,0.5,0.46,2.784
"284",2040,8,7,7,15,15,0,FALSE,FALSE,50,1,TRUE,FALSE,0,NA,0,"betterave avec feuilles et collet",0.22,0,0,"phacélie",0.3,0,0,0,0,1,NA,NA,NA,NA,NA,0
"285",2040,9,7,7,15,15,0,FALSE,FALSE,50,1,FALSE,FALSE,0,NA,0,"betterave avec feuilles et collet",0.22,0,0,"phacélie",0.3,0,0,0,0,1,NA,NA,NA,NA,NA,0
"286",2040,10,7,7,15,15,0,FALSE,FALSE,50,1,FALSE,FALSE,0,NA,0,"betterave avec feuilles et collet",0.22,0,0,"phacélie",0.3,0,0,0,0,1,NA,NA,NA,NA,NA,0
"287",2040,11,7,7,15,15,0,FALSE,FALSE,50,1,FALSE,FALSE,0,NA,0,"betterave avec feuilles et collet",0.22,0,0,"phacélie",0.3,0,0,0,0,1,NA,NA,NA,NA,NA,0
"288",2040,12,7,7,15,15,0,FALSE,FALSE,50,1,FALSE,FALSE,0,NA,0,"betterave avec feuilles et collet",0.22,0,0,"phacélie",0.3,0,0,0,0,1,NA,NA,NA,NA,NA,0
"289",2041,1,7,7,15,15,0,FALSE,FALSE,50,1,FALSE,FALSE,0,NA,0,"betterave avec feuilles et collet",0.22,0,0,"phacélie",0.3,0,0,0,0,1,NA,NA,NA,NA,NA,0
"290",2041,2,7,7,15,15,0,FALSE,FALSE,50,1,FALSE,FALSE,0,NA,0,"betterave avec feuilles et collet",0.22,0,0,"phacélie",0.3,0,0,0,0,1,NA,NA,NA,NA,NA,0
"291",2041,3,7,7,15,15,0,FALSE,FALSE,50,1,FALSE,TRUE,0,NA,0,"betterave avec feuilles et collet",0.22,0,0,"phacélie",0.3,1.12,0.34,1.12,0.34,1,NA,NA,NA,NA,NA,0
"292",2041,4,7,7,15,8,1,TRUE,FALSE,NA,0,FALSE,FALSE,0,NA,0,"betterave avec feuilles et collet",0.22,0,0,NA,NA,0,0,0,0,1,NA,NA,NA,NA,NA,0
"293",2041,5,7,7,15,8,1,FALSE,FALSE,NA,0,FALSE,FALSE,0,NA,0,"betterave avec feuilles et collet",0.22,0,0,NA,NA,0,0,0,0,1,NA,NA,NA,NA,NA,0
"294",2041,6,7,7,15,8,1,FALSE,FALSE,NA,0,FALSE,FALSE,30,NA,0,"betterave avec feuilles et collet",0.22,0,0,NA,NA,0,0,0,0,1,NA,NA,NA,NA,NA,0
"295",2041,7,7,7,15,8,1,FALSE,FALSE,NA,0,FALSE,FALSE,30,NA,0,"betterave avec feuilles et collet",0.22,0,0,NA,NA,0,0,0,0,1,NA,NA,NA,NA,NA,0
"296",2041,8,7,7,15,8,1,FALSE,FALSE,NA,0,FALSE,FALSE,30,NA,0,"betterave avec feuilles et collet",0.22,0,0,NA,NA,0,0,0,0,1,NA,NA,NA,NA,NA,0
"297",2041,9,7,7,15,8,1,FALSE,FALSE,NA,0,FALSE,FALSE,0,NA,0,"betterave avec feuilles et collet",0.22,0,0,NA,NA,0,0,0,0,1,NA,NA,NA,NA,NA,0
"298",2041,10,8,7,15,8,1,TRUE,TRUE,NA,0,FALSE,FALSE,0,NA,0,"betterave avec feuilles et collet",0.22,2.3,0.51,NA,NA,0,0,2.3,0.51,1,NA,NA,NA,NA,NA,0
"299",2041,11,8,15,8,7,1,FALSE,FALSE,NA,0,FALSE,FALSE,0,NA,0,"blé d'hiver",0.31,0,0,NA,NA,0,0,0,0,1,NA,NA,NA,NA,NA,0
"300",2041,12,8,15,8,7,1,FALSE,FALSE,NA,0,FALSE,FALSE,0,NA,0,"blé d'hiver",0.31,0,0,NA,NA,0,0,0,0,1,NA,NA,NA,NA,NA,0
"301",2042,1,8,15,8,7,1,FALSE,FALSE,NA,0,FALSE,FALSE,0,NA,0,"blé d'hiver",0.31,0,0,NA,NA,0,0,0,0,1,NA,NA,NA,NA,NA,0
"302",2042,2,8,15,8,7,1,FALSE,FALSE,NA,0,FALSE,FALSE,0,NA,0,"blé d'hiver",0.31,0,0,NA,NA,0,0,0,0,1,NA,NA,NA,NA,NA,0
"303",2042,3,8,15,8,7,1,FALSE,FALSE,NA,0,FALSE,FALSE,0,NA,0,"blé d'hiver",0.31,0,0,NA,NA,0,0,0,0,1,NA,NA,NA,NA,NA,0
"304",2042,4,8,15,8,7,1,FALSE,FALSE,NA,0,FALSE,FALSE,0,NA,0,"blé d'hiver",0.31,0,0,NA,NA,0,0,0,0,1,NA,NA,NA,NA,NA,0
"305",2042,5,8,15,8,7,1,FALSE,FALSE,NA,0,FALSE,FALSE,0,NA,0,"blé d'hiver",0.31,0,0,NA,NA,0,0,0,0,1,NA,NA,NA,NA,NA,0
"306",2042,6,8,15,8,7,1,FALSE,FALSE,NA,0,FALSE,FALSE,0,NA,0,"blé d'hiver",0.31,0,0,NA,NA,0,0,0,0,1,NA,NA,NA,NA,NA,0
"307",2042,7,8,15,8,7,1,FALSE,FALSE,NA,0,FALSE,FALSE,0,NA,0,"blé d'hiver",0.31,0,0,NA,NA,0,0,0,0,1,NA,NA,NA,NA,NA,0
"308",2042,8,8,15,8,7,1,FALSE,TRUE,NA,0,FALSE,FALSE,0,NA,0,"blé d'hiver",0.31,2.08,0.64,NA,NA,0,0,2.08,0.64,1,NA,NA,NA,NA,NA,0
"309",2042,9,8,8,7,7,0,FALSE,FALSE,NA,0,FALSE,FALSE,0,NA,0,"orge d'hiver",0.31,0,0,NA,NA,0,0,0,0,0,NA,NA,NA,NA,NA,0
"310",2042,10,8,8,7,15,1,TRUE,FALSE,NA,0,FALSE,FALSE,0,NA,0,"orge d'hiver",0.31,0,0,NA,NA,0,0,0,0,1,NA,NA,NA,NA,NA,0
"311",2042,11,8,8,7,15,1,FALSE,FALSE,NA,0,FALSE,FALSE,0,NA,0,"orge d'hiver",0.31,0,0,NA,NA,0,0,0,0,1,NA,NA,NA,NA,NA,0
"312",2042,12,8,8,7,15,1,FALSE,FALSE,NA,0,FALSE,FALSE,0,NA,0,"orge d'hiver",0.31,0,0,NA,NA,0,0,0,0,1,NA,NA,NA,NA,NA,0
"313",2043,1,8,8,7,15,1,FALSE,FALSE,NA,0,FALSE,FALSE,0,NA,0,"orge d'hiver",0.31,0,0,NA,NA,0,0,0,0,1,NA,NA,NA,NA,NA,0
"314",2043,2,8,8,7,15,1,FALSE,FALSE,NA,0,FALSE,FALSE,0,NA,0,"orge d'hiver",0.31,0,0,NA,NA,0,0,0,0,1,NA,NA,NA,NA,NA,0
"315",2043,3,8,8,7,15,1,FALSE,FALSE,NA,0,FALSE,FALSE,0,NA,0,"orge d'hiver",0.31,0,0,NA,NA,0,0,0,0,1,NA,NA,NA,NA,NA,0
"316",2043,4,8,8,7,15,1,FALSE,FALSE,NA,0,FALSE,FALSE,0,NA,0,"orge d'hiver",0.31,0,0,NA,NA,0,0,0,0,1,NA,NA,NA,NA,NA,0
"317",2043,5,8,8,7,15,1,FALSE,FALSE,NA,0,FALSE,FALSE,0,NA,0,"orge d'hiver",0.31,0,0,NA,NA,0,0,0,0,1,NA,NA,NA,NA,NA,0
"318",2043,6,8,8,7,15,1,FALSE,FALSE,NA,0,FALSE,FALSE,0,NA,0,"orge d'hiver",0.31,0,0,NA,NA,0,0,0,0,1,NA,NA,NA,NA,NA,0
"319",2043,7,8,8,7,15,1,FALSE,TRUE,NA,0,FALSE,FALSE,0,6,30,"orge d'hiver",0.31,2.24,0.69,NA,NA,0,0,2.24,0.69,1,"Fumier Solide","Bovins",0.928,0.5,0.46,2.784
"320",2043,8,8,7,15,15,0,FALSE,FALSE,50,1,TRUE,FALSE,0,NA,0,"betterave avec feuilles et collet",0.22,0,0,"phacélie",0.3,0,0,0,0,1,NA,NA,NA,NA,NA,0
"321",2043,9,8,7,15,15,0,FALSE,FALSE,50,1,FALSE,FALSE,0,NA,0,"betterave avec feuilles et collet",0.22,0,0,"phacélie",0.3,0,0,0,0,1,NA,NA,NA,NA,NA,0
"322",2043,10,8,7,15,15,0,FALSE,FALSE,50,1,FALSE,FALSE,0,NA,0,"betterave avec feuilles et collet",0.22,0,0,"phacélie",0.3,0,0,0,0,1,NA,NA,NA,NA,NA,0
"323",2043,11,8,7,15,15,0,FALSE,FALSE,50,1,FALSE,FALSE,0,NA,0,"betterave avec feuilles et collet",0.22,0,0,"phacélie",0.3,0,0,0,0,1,NA,NA,NA,NA,NA,0
"324",2043,12,8,7,15,15,0,FALSE,FALSE,50,1,FALSE,FALSE,0,NA,0,"betterave avec feuilles et collet",0.22,0,0,"phacélie",0.3,0,0,0,0,1,NA,NA,NA,NA,NA,0
"325",2044,1,8,7,15,15,0,FALSE,FALSE,50,1,FALSE,FALSE,0,NA,0,"betterave avec feuilles et collet",0.22,0,0,"phacélie",0.3,0,0,0,0,1,NA,NA,NA,NA,NA,0
"326",2044,2,8,7,15,15,0,FALSE,FALSE,50,1,FALSE,FALSE,0,NA,0,"betterave avec feuilles et collet",0.22,0,0,"phacélie",0.3,0,0,0,0,1,NA,NA,NA,NA,NA,0
"327",2044,3,8,7,15,15,0,FALSE,FALSE,50,1,FALSE,TRUE,0,NA,0,"betterave avec feuilles et collet",0.22,0,0,"phacélie",0.3,1.12,0.34,1.12,0.34,1,NA,NA,NA,NA,NA,0
"328",2044,4,8,7,15,8,1,TRUE,FALSE,NA,0,FALSE,FALSE,0,NA,0,"betterave avec feuilles et collet",0.22,0,0,NA,NA,0,0,0,0,1,NA,NA,NA,NA,NA,0
"329",2044,5,8,7,15,8,1,FALSE,FALSE,NA,0,FALSE,FALSE,0,NA,0,"betterave avec feuilles et collet",0.22,0,0,NA,NA,0,0,0,0,1,NA,NA,NA,NA,NA,0
"330",2044,6,8,7,15,8,1,FALSE,FALSE,NA,0,FALSE,FALSE,30,NA,0,"betterave avec feuilles et collet",0.22,0,0,NA,NA,0,0,0,0,1,NA,NA,NA,NA,NA,0
"331",2044,7,8,7,15,8,1,FALSE,FALSE,NA,0,FALSE,FALSE,30,NA,0,"betterave avec feuilles et collet",0.22,0,0,NA,NA,0,0,0,0,1,NA,NA,NA,NA,NA,0
"332",2044,8,8,7,15,8,1,FALSE,FALSE,NA,0,FALSE,FALSE,30,NA,0,"betterave avec feuilles et collet",0.22,0,0,NA,NA,0,0,0,0,1,NA,NA,NA,NA,NA,0
"333",2044,9,8,7,15,8,1,FALSE,FALSE,NA,0,FALSE,FALSE,0,NA,0,"betterave avec feuilles et collet",0.22,0,0,NA,NA,0,0,0,0,1,NA,NA,NA,NA,NA,0
"334",2044,10,9,7,15,8,1,TRUE,TRUE,NA,0,FALSE,FALSE,0,NA,0,"betterave avec feuilles et collet",0.22,2.3,0.51,NA,NA,0,0,2.3,0.51,1,NA,NA,NA,NA,NA,0
"335",2044,11,9,15,8,7,1,FALSE,FALSE,NA,0,FALSE,FALSE,0,NA,0,"blé d'hiver",0.31,0,0,NA,NA,0,0,0,0,1,NA,NA,NA,NA,NA,0
"336",2044,12,9,15,8,7,1,FALSE,FALSE,NA,0,FALSE,FALSE,0,NA,0,"blé d'hiver",0.31,0,0,NA,NA,0,0,0,0,1,NA,NA,NA,NA,NA,0
"337",2045,1,9,15,8,7,1,FALSE,FALSE,NA,0,FALSE,FALSE,0,NA,0,"blé d'hiver",0.31,0,0,NA,NA,0,0,0,0,1,NA,NA,NA,NA,NA,0
"338",2045,2,9,15,8,7,1,FALSE,FALSE,NA,0,FALSE,FALSE,0,NA,0,"blé d'hiver",0.31,0,0,NA,NA,0,0,0,0,1,NA,NA,NA,NA,NA,0
"339",2045,3,9,15,8,7,1,FALSE,FALSE,NA,0,FALSE,FALSE,0,NA,0,"blé d'hiver",0.31,0,0,NA,NA,0,0,0,0,1,NA,NA,NA,NA,NA,0
"340",2045,4,9,15,8,7,1,FALSE,FALSE,NA,0,FALSE,FALSE,0,NA,0,"blé d'hiver",0.31,0,0,NA,NA,0,0,0,0,1,NA,NA,NA,NA,NA,0
"341",2045,5,9,15,8,7,1,FALSE,FALSE,NA,0,FALSE,FALSE,0,NA,0,"blé d'hiver",0.31,0,0,NA,NA,0,0,0,0,1,NA,NA,NA,NA,NA,0
"342",2045,6,9,15,8,7,1,FALSE,FALSE,NA,0,FALSE,FALSE,0,NA,0,"blé d'hiver",0.31,0,0,NA,NA,0,0,0,0,1,NA,NA,NA,NA,NA,0
"343",2045,7,9,15,8,7,1,FALSE,FALSE,NA,0,FALSE,FALSE,0,NA,0,"blé d'hiver",0.31,0,0,NA,NA,0,0,0,0,1,NA,NA,NA,NA,NA,0
"344",2045,8,9,15,8,7,1,FALSE,TRUE,NA,0,FALSE,FALSE,0,NA,0,"blé d'hiver",0.31,2.08,0.64,NA,NA,0,0,2.08,0.64,1,NA,NA,NA,NA,NA,0
"345",2045,9,9,8,7,7,0,FALSE,FALSE,NA,0,FALSE,FALSE,0,NA,0,"orge d'hiver",0.31,0,0,NA,NA,0,0,0,0,0,NA,NA,NA,NA,NA,0
"346",2045,10,9,8,7,15,1,TRUE,FALSE,NA,0,FALSE,FALSE,0,NA,0,"orge d'hiver",0.31,0,0,NA,NA,0,0,0,0,1,NA,NA,NA,NA,NA,0
"347",2045,11,9,8,7,15,1,FALSE,FALSE,NA,0,FALSE,FALSE,0,NA,0,"orge d'hiver",0.31,0,0,NA,NA,0,0,0,0,1,NA,NA,NA,NA,NA,0
"348",2045,12,9,8,7,15,1,FALSE,FALSE,NA,0,FALSE,FALSE,0,NA,0,"orge d'hiver",0.31,0,0,NA,NA,0,0,0,0,1,NA,NA,NA,NA,NA,0
"349",2046,1,9,8,7,15,1,FALSE,FALSE,NA,0,FALSE,FALSE,0,NA,0,"orge d'hiver",0.31,0,0,NA,NA,0,0,0,0,1,NA,NA,NA,NA,NA,0
"350",2046,2,9,8,7,15,1,FALSE,FALSE,NA,0,FALSE,FALSE,0,NA,0,"orge d'hiver",0.31,0,0,NA,NA,0,0,0,0,1,NA,NA,NA,NA,NA,0
"351",2046,3,9,8,7,15,1,FALSE,FALSE,NA,0,FALSE,FALSE,0,NA,0,"orge d'hiver",0.31,0,0,NA,NA,0,0,0,0,1,NA,NA,NA,NA,NA,0
"352",2046,4,9,8,7,15,1,FALSE,FALSE,NA,0,FALSE,FALSE,0,NA,0,"orge d'hiver",0.31,0,0,NA,NA,0,0,0,0,1,NA,NA,NA,NA,NA,0
"353",2046,5,9,8,7,15,1,FALSE,FALSE,NA,0,FALSE,FALSE,0,NA,0,"orge d'hiver",0.31,0,0,NA,NA,0,0,0,0,1,NA,NA,NA,NA,NA,0
"354",2046,6,9,8,7,15,1,FALSE,FALSE,NA,0,FALSE,FALSE,0,NA,0,"orge d'hiver",0.31,0,0,NA,NA,0,0,0,0,1,NA,NA,NA,NA,NA,0
"355",2046,7,9,8,7,15,1,FALSE,TRUE,NA,0,FALSE,FALSE,0,6,30,"orge d'hiver",0.31,2.24,0.69,NA,NA,0,0,2.24,0.69,1,"Fumier Solide","Bovins",0.928,0.5,0.46,2.784
"356",2046,8,9,7,15,15,0,FALSE,FALSE,50,1,TRUE,FALSE,0,NA,0,"betterave avec feuilles et collet",0.22,0,0,"phacélie",0.3,0,0,0,0,1,NA,NA,NA,NA,NA,0
"357",2046,9,9,7,15,15,0,FALSE,FALSE,50,1,FALSE,FALSE,0,NA,0,"betterave avec feuilles et collet",0.22,0,0,"phacélie",0.3,0,0,0,0,1,NA,NA,NA,NA,NA,0
"358",2046,10,9,7,15,15,0,FALSE,FALSE,50,1,FALSE,FALSE,0,NA,0,"betterave avec feuilles et collet",0.22,0,0,"phacélie",0.3,0,0,0,0,1,NA,NA,NA,NA,NA,0
"359",2046,11,9,7,15,15,0,FALSE,FALSE,50,1,FALSE,FALSE,0,NA,0,"betterave avec feuilles et collet",0.22,0,0,"phacélie",0.3,0,0,0,0,1,NA,NA,NA,NA,NA,0
"360",2046,12,9,7,15,15,0,FALSE,FALSE,50,1,FALSE,FALSE,0,NA,0,"betterave avec feuilles et collet",0.22,0,0,"phacélie",0.3,0,0,0,0,1,NA,NA,NA,NA,NA,0
"361",2047,1,9,7,15,15,0,FALSE,FALSE,50,1,FALSE,FALSE,0,NA,0,"betterave avec feuilles et collet",0.22,0,0,"phacélie",0.3,0,0,0,0,1,NA,NA,NA,NA,NA,0
"362",2047,2,9,7,15,15,0,FALSE,FALSE,50,1,FALSE,FALSE,0,NA,0,"betterave avec feuilles et collet",0.22,0,0,"phacélie",0.3,0,0,0,0,1,NA,NA,NA,NA,NA,0
"363",2047,3,9,7,15,15,0,FALSE,FALSE,50,1,FALSE,TRUE,0,NA,0,"betterave avec feuilles et collet",0.22,0,0,"phacélie",0.3,1.12,0.34,1.12,0.34,1,NA,NA,NA,NA,NA,0
"364",2047,4,9,7,15,8,1,TRUE,FALSE,NA,0,FALSE,FALSE,0,NA,0,"betterave avec feuilles et collet",0.22,0,0,NA,NA,0,0,0,0,1,NA,NA,NA,NA,NA,0
"365",2047,5,9,7,15,8,1,FALSE,FALSE,NA,0,FALSE,FALSE,0,NA,0,"betterave avec feuilles et collet",0.22,0,0,NA,NA,0,0,0,0,1,NA,NA,NA,NA,NA,0
"366",2047,6,9,7,15,8,1,FALSE,FALSE,NA,0,FALSE,FALSE,30,NA,0,"betterave avec feuilles et collet",0.22,0,0,NA,NA,0,0,0,0,1,NA,NA,NA,NA,NA,0
"367",2047,7,9,7,15,8,1,FALSE,FALSE,NA,0,FALSE,FALSE,30,NA,0,"betterave avec feuilles et collet",0.22,0,0,NA,NA,0,0,0,0,1,NA,NA,NA,NA,NA,0
"368",2047,8,9,7,15,8,1,FALSE,FALSE,NA,0,FALSE,FALSE,30,NA,0,"betterave avec feuilles et collet",0.22,0,0,NA,NA,0,0,0,0,1,NA,NA,NA,NA,NA,0
"369",2047,9,9,7,15,8,1,FALSE,FALSE,NA,0,FALSE,FALSE,0,NA,0,"betterave avec feuilles et collet",0.22,0,0,NA,NA,0,0,0,0,1,NA,NA,NA,NA,NA,0
"370",2047,10,10,7,15,8,1,TRUE,TRUE,NA,0,FALSE,FALSE,0,NA,0,"betterave avec feuilles et collet",0.22,2.3,0.51,NA,NA,0,0,2.3,0.51,1,NA,NA,NA,NA,NA,0
"371",2047,11,10,15,8,7,1,FALSE,FALSE,NA,0,FALSE,FALSE,0,NA,0,"blé d'hiver",0.31,0,0,NA,NA,0,0,0,0,1,NA,NA,NA,NA,NA,0
"372",2047,12,10,15,8,7,1,FALSE,FALSE,NA,0,FALSE,FALSE,0,NA,0,"blé d'hiver",0.31,0,0,NA,NA,0,0,0,0,1,NA,NA,NA,NA,NA,0
"373",2048,1,10,15,8,7,1,FALSE,FALSE,NA,0,FALSE,FALSE,0,NA,0,"blé d'hiver",0.31,0,0,NA,NA,0,0,0,0,1,NA,NA,NA,NA,NA,0
"374",2048,2,10,15,8,7,1,FALSE,FALSE,NA,0,FALSE,FALSE,0,NA,0,"blé d'hiver",0.31,0,0,NA,NA,0,0,0,0,1,NA,NA,NA,NA,NA,0
"375",2048,3,10,15,8,7,1,FALSE,FALSE,NA,0,FALSE,FALSE,0,NA,0,"blé d'hiver",0.31,0,0,NA,NA,0,0,0,0,1,NA,NA,NA,NA,NA,0
"376",2048,4,10,15,8,7,1,FALSE,FALSE,NA,0,FALSE,FALSE,0,NA,0,"blé d'hiver",0.31,0,0,NA,NA,0,0,0,0,1,NA,NA,NA,NA,NA,0
"377",2048,5,10,15,8,7,1,FALSE,FALSE,NA,0,FALSE,FALSE,0,NA,0,"blé d'hiver",0.31,0,0,NA,NA,0,0,0,0,1,NA,NA,NA,NA,NA,0
"378",2048,6,10,15,8,7,1,FALSE,FALSE,NA,0,FALSE,FALSE,0,NA,0,"blé d'hiver",0.31,0,0,NA,NA,0,0,0,0,1,NA,NA,NA,NA,NA,0
"379",2048,7,10,15,8,7,1,FALSE,FALSE,NA,0,FALSE,FALSE,0,NA,0,"blé d'hiver",0.31,0,0,NA,NA,0,0,0,0,1,NA,NA,NA,NA,NA,0
"380",2048,8,10,15,8,7,1,FALSE,TRUE,NA,0,FALSE,FALSE,0,NA,0,"blé d'hiver",0.31,2.08,0.64,NA,NA,0,0,2.08,0.64,1,NA,NA,NA,NA,NA,0
"381",2048,9,10,8,7,7,0,FALSE,FALSE,NA,0,FALSE,FALSE,0,NA,0,"orge d'hiver",0.31,0,0,NA,NA,0,0,0,0,0,NA,NA,NA,NA,NA,0
"382",2048,10,10,8,7,15,1,TRUE,FALSE,NA,0,FALSE,FALSE,0,NA,0,"orge d'hiver",0.31,0,0,NA,NA,0,0,0,0,1,NA,NA,NA,NA,NA,0
"383",2048,11,10,8,7,15,1,FALSE,FALSE,NA,0,FALSE,FALSE,0,NA,0,"orge d'hiver",0.31,0,0,NA,NA,0,0,0,0,1,NA,NA,NA,NA,NA,0
"384",2048,12,10,8,7,15,1,FALSE,FALSE,NA,0,FALSE,FALSE,0,NA,0,"orge d'hiver",0.31,0,0,NA,NA,0,0,0,0,1,NA,NA,NA,NA,NA,0
"385",2049,1,10,8,7,15,1,FALSE,FALSE,NA,0,FALSE,FALSE,0,NA,0,"orge d'hiver",0.31,0,0,NA,NA,0,0,0,0,1,NA,NA,NA,NA,NA,0
"386",2049,2,10,8,7,15,1,FALSE,FALSE,NA,0,FALSE,FALSE,0,NA,0,"orge d'hiver",0.31,0,0,NA,NA,0,0,0,0,1,NA,NA,NA,NA,NA,0
"387",2049,3,10,8,7,15,1,FALSE,FALSE,NA,0,FALSE,FALSE,0,NA,0,"orge d'hiver",0.31,0,0,NA,NA,0,0,0,0,1,NA,NA,NA,NA,NA,0
"388",2049,4,10,8,7,15,1,FALSE,FALSE,NA,0,FALSE,FALSE,0,NA,0,"orge d'hiver",0.31,0,0,NA,NA,0,0,0,0,1,NA,NA,NA,NA,NA,0
"389",2049,5,10,8,7,15,1,FALSE,FALSE,NA,0,FALSE,FALSE,0,NA,0,"orge d'hiver",0.31,0,0,NA,NA,0,0,0,0,1,NA,NA,NA,NA,NA,0
"390",2049,6,10,8,7,15,1,FALSE,FALSE,NA,0,FALSE,FALSE,0,NA,0,"orge d'hiver",0.31,0,0,NA,NA,0,0,0,0,1,NA,NA,NA,NA,NA,0
"391",2049,7,10,8,7,15,1,FALSE,TRUE,NA,0,FALSE,FALSE,0,6,30,"orge d'hiver",0.31,2.24,0.69,NA,NA,0,0,2.24,0.69,1,"Fumier Solide","Bovins",0.928,0.5,0.46,2.784
"392",2049,8,10,7,15,15,0,FALSE,FALSE,50,1,TRUE,FALSE,0,NA,0,"betterave avec feuilles et collet",0.22,0,0,"phacélie",0.3,0,0,0,0,1,NA,NA,NA,NA,NA,0
"393",2049,9,10,7,15,15,0,FALSE,FALSE,50,1,FALSE,FALSE,0,NA,0,"betterave avec feuilles et collet",0.22,0,0,"phacélie",0.3,0,0,0,0,1,NA,NA,NA,NA,NA,0
"394",2049,10,10,7,15,15,0,FALSE,FALSE,50,1,FALSE,FALSE,0,NA,0,"betterave avec feuilles et collet",0.22,0,0,"phacélie",0.3,0,0,0,0,1,NA,NA,NA,NA,NA,0
"395",2049,11,10,7,15,15,0,FALSE,FALSE,50,1,FALSE,FALSE,0,NA,0,"betterave avec feuilles et collet",0.22,0,0,"phacélie",0.3,0,0,0,0,1,NA,NA,NA,NA,NA,0
"396",2049,12,10,7,15,15,0,FALSE,FALSE,50,1,FALSE,FALSE,0,NA,0,"betterave avec feuilles et collet",0.22,0,0,"phacélie",0.3,0,0,0,0,1,NA,NA,NA,NA,NA,0
