"","year","month","prevcrop.id","crop.id","nextcrop.id","active","sowing","harvest","cover.id","cover.active","covercrop.sowing","covercrop.harvest","irrigation","eom_id","eom_app_id","eom_app_q","Culture.x","Coefficient d'humification (hc).x","C_inp_crop","C_hum_crop","Culture.y","Coefficient d'humification (hc).y","C_inp_covercrop","C_hum_covercrop","C_inp","C_hum_inp","PC","Catégorie","Matière organique exogène","Apport de carbone organique (t CO / 10t MF)","Coefficient d'humification (hc)","Apport C humifié (t C/ 10t MF)","FYM","Rain.meteo","Tmp","Evap","Rain","modern","DPM_RPM"
"1",2020,1,7,15,15,0,FALSE,FALSE,NA,0,FALSE,FALSE,0,6,NA,0,"betterave avec feuilles et collet",0.22,0,0,NA,NA,0,0,0,0,0,NA,NA,NA,NA,NA,0,54.82,2.88,0.57,54.82,100,1.44
"2",2020,2,7,15,15,0,FALSE,FALSE,NA,0,FALSE,FALSE,0,6,NA,0,"betterave avec feuilles et collet",0.22,0,0,NA,NA,0,0,0,0,0,NA,NA,NA,NA,NA,0,46.74,3.05,0.83,46.74,100,1.44
"3",2020,3,7,15,15,0,FALSE,FALSE,NA,0,FALSE,FALSE,0,6,NA,0,"betterave avec feuilles et collet",0.22,0,0,NA,NA,0,0,0,0,0,NA,NA,NA,NA,NA,0,48.39,6,1.73,48.39,100,1.44
"4",2020,4,7,15,8,1,TRUE,FALSE,NA,0,FALSE,FALSE,0,6,NA,0,"betterave avec feuilles et collet",0.22,0,0,NA,NA,0,0,0,0,1,NA,NA,NA,NA,NA,0,36.47,9.8,3.03,36.47,100,1.44
"5",2020,5,7,15,8,1,FALSE,FALSE,NA,0,FALSE,FALSE,0,6,NA,0,"betterave avec feuilles et collet",0.22,0,0,NA,NA,0,0,0,0,1,NA,NA,NA,NA,NA,0,62.3,13.16,3.82,62.3,100,1.44
"6",2020,6,7,15,8,1,FALSE,FALSE,NA,0,FALSE,FALSE,30,6,NA,0,"betterave avec feuilles et collet",0.22,0,0,NA,NA,0,0,0,0,1,NA,NA,NA,NA,NA,0,56.5,16.29,4.44,86.5,100,1.44
"7",2020,7,7,15,8,1,FALSE,FALSE,NA,0,FALSE,FALSE,30,6,6,30,"betterave avec feuilles et collet",0.22,0,0,NA,NA,0,0,0,0,1,"Fumier Solide","Bovins",0.928,0.5,0.46,2.784,66.59,18.28,4.65,96.59,100,1.44
"8",2020,8,7,15,8,1,FALSE,FALSE,NA,0,FALSE,FALSE,30,6,NA,0,"betterave avec feuilles et collet",0.22,0,0,NA,NA,0,0,0,0,1,NA,NA,NA,NA,NA,0,76.22,17.18,3.49,106.22,100,1.44
"9",2020,9,7,15,8,1,FALSE,FALSE,NA,0,FALSE,FALSE,0,6,NA,0,"betterave avec feuilles et collet",0.22,0,0,NA,NA,0,0,0,0,1,NA,NA,NA,NA,NA,0,45.91,14.43,2.34,45.91,100,1.44
"10",2020,10,7,15,8,1,TRUE,TRUE,NA,0,FALSE,FALSE,0,6,NA,0,"betterave avec feuilles et collet",0.22,2.3,0.51,NA,NA,0,0,2.3,0.51,1,NA,NA,NA,NA,NA,0,58.98,11.08,1.25,58.98,100,1.44
"11",2020,11,15,8,7,1,FALSE,FALSE,NA,0,FALSE,FALSE,0,NA,NA,0,"blé d'hiver",0.31,0,0,NA,NA,0,0,0,0,1,NA,NA,NA,NA,NA,0,54.73,6.75,0.69,54.73,100,1.44
"12",2020,12,15,8,7,1,FALSE,FALSE,NA,0,FALSE,FALSE,0,NA,NA,0,"blé d'hiver",0.31,0,0,NA,NA,0,0,0,0,1,NA,NA,NA,NA,NA,0,67.75,3.83,0.5,67.75,100,1.44
"13",2021,1,15,8,7,1,FALSE,FALSE,NA,0,FALSE,FALSE,0,NA,NA,0,"blé d'hiver",0.31,0,0,NA,NA,0,0,0,0,1,NA,NA,NA,NA,NA,0,54.82,2.88,0.57,54.82,100,1.44
"14",2021,2,15,8,7,1,FALSE,FALSE,NA,0,FALSE,FALSE,0,NA,NA,0,"blé d'hiver",0.31,0,0,NA,NA,0,0,0,0,1,NA,NA,NA,NA,NA,0,46.74,3.05,0.83,46.74,100,1.44
"15",2021,3,15,8,7,1,FALSE,FALSE,NA,0,FALSE,FALSE,0,NA,NA,0,"blé d'hiver",0.31,0,0,NA,NA,0,0,0,0,1,NA,NA,NA,NA,NA,0,48.39,6,1.73,48.39,100,1.44
"16",2021,4,15,8,7,1,FALSE,FALSE,NA,0,FALSE,FALSE,0,NA,NA,0,"blé d'hiver",0.31,0,0,NA,NA,0,0,0,0,1,NA,NA,NA,NA,NA,0,36.47,9.8,3.03,36.47,100,1.44
"17",2021,5,15,8,7,1,FALSE,FALSE,NA,0,FALSE,FALSE,0,NA,NA,0,"blé d'hiver",0.31,0,0,NA,NA,0,0,0,0,1,NA,NA,NA,NA,NA,0,62.3,13.16,3.82,62.3,100,1.44
"18",2021,6,15,8,7,1,FALSE,FALSE,NA,0,FALSE,FALSE,0,NA,NA,0,"blé d'hiver",0.31,0,0,NA,NA,0,0,0,0,1,NA,NA,NA,NA,NA,0,56.5,16.29,4.44,56.5,100,1.44
"19",2021,7,15,8,7,1,FALSE,FALSE,NA,0,FALSE,FALSE,0,NA,NA,0,"blé d'hiver",0.31,0,0,NA,NA,0,0,0,0,1,NA,NA,NA,NA,NA,0,66.59,18.28,4.65,66.59,100,1.44
"20",2021,8,15,8,7,1,FALSE,TRUE,NA,0,FALSE,FALSE,0,NA,NA,0,"blé d'hiver",0.31,2.08,0.64,NA,NA,0,0,2.08,0.64,1,NA,NA,NA,NA,NA,0,76.22,17.18,3.49,76.22,100,1.44
"21",2021,9,8,7,7,0,FALSE,FALSE,NA,0,FALSE,FALSE,0,NA,NA,0,"orge d'hiver",0.31,0,0,NA,NA,0,0,0,0,0,NA,NA,NA,NA,NA,0,45.91,14.43,2.34,45.91,100,1.44
"22",2021,10,8,7,15,1,TRUE,FALSE,NA,0,FALSE,FALSE,0,NA,NA,0,"orge d'hiver",0.31,0,0,NA,NA,0,0,0,0,1,NA,NA,NA,NA,NA,0,58.98,11.08,1.25,58.98,100,1.44
"23",2021,11,8,7,15,1,FALSE,FALSE,NA,0,FALSE,FALSE,0,NA,NA,0,"orge d'hiver",0.31,0,0,NA,NA,0,0,0,0,1,NA,NA,NA,NA,NA,0,54.73,6.75,0.69,54.73,100,1.44
"24",2021,12,8,7,15,1,FALSE,FALSE,NA,0,FALSE,FALSE,0,NA,NA,0,"orge d'hiver",0.31,0,0,NA,NA,0,0,0,0,1,NA,NA,NA,NA,NA,0,67.75,3.83,0.5,67.75,100,1.44
"25",2022,1,8,7,15,1,FALSE,FALSE,NA,0,FALSE,FALSE,0,NA,NA,0,"orge d'hiver",0.31,0,0,NA,NA,0,0,0,0,1,NA,NA,NA,NA,NA,0,54.82,2.88,0.57,54.82,100,1.44
"26",2022,2,8,7,15,1,FALSE,FALSE,NA,0,FALSE,FALSE,0,NA,NA,0,"orge d'hiver",0.31,0,0,NA,NA,0,0,0,0,1,NA,NA,NA,NA,NA,0,46.74,3.05,0.83,46.74,100,1.44
"27",2022,3,8,7,15,1,FALSE,FALSE,NA,0,FALSE,FALSE,0,NA,NA,0,"orge d'hiver",0.31,0,0,NA,NA,0,0,0,0,1,NA,NA,NA,NA,NA,0,48.39,6,1.73,48.39,100,1.44
"28",2022,4,8,7,15,1,FALSE,FALSE,NA,0,FALSE,FALSE,0,NA,NA,0,"orge d'hiver",0.31,0,0,NA,NA,0,0,0,0,1,NA,NA,NA,NA,NA,0,36.47,9.8,3.03,36.47,100,1.44
"29",2022,5,8,7,15,1,FALSE,FALSE,NA,0,FALSE,FALSE,0,NA,NA,0,"orge d'hiver",0.31,0,0,NA,NA,0,0,0,0,1,NA,NA,NA,NA,NA,0,62.3,13.16,3.82,62.3,100,1.44
"30",2022,6,8,7,15,1,FALSE,FALSE,NA,0,FALSE,FALSE,0,NA,NA,0,"orge d'hiver",0.31,0,0,NA,NA,0,0,0,0,1,NA,NA,NA,NA,NA,0,56.5,16.29,4.44,56.5,100,1.44
"31",2022,7,8,7,15,1,FALSE,TRUE,NA,0,FALSE,FALSE,0,NA,NA,0,"orge d'hiver",0.31,2.24,0.69,NA,NA,0,0,2.24,0.69,1,NA,NA,NA,NA,NA,0,66.59,18.28,4.65,66.59,100,1.44
"32",2022,8,7,15,15,0,FALSE,FALSE,50,1,TRUE,FALSE,0,6,NA,0,"betterave avec feuilles et collet",0.22,0,0,"phacélie",0.3,0,0,0,0,1,NA,NA,NA,NA,NA,0,76.22,17.18,3.49,76.22,100,1.44
"33",2022,9,7,15,15,0,FALSE,FALSE,50,1,FALSE,FALSE,0,6,NA,0,"betterave avec feuilles et collet",0.22,0,0,"phacélie",0.3,0,0,0,0,1,NA,NA,NA,NA,NA,0,45.91,14.43,2.34,45.91,100,1.44
"34",2022,10,7,15,15,0,FALSE,FALSE,50,1,FALSE,FALSE,0,6,NA,0,"betterave avec feuilles et collet",0.22,0,0,"phacélie",0.3,0,0,0,0,1,NA,NA,NA,NA,NA,0,58.98,11.08,1.25,58.98,100,1.44
"35",2022,11,7,15,15,0,FALSE,FALSE,50,1,FALSE,FALSE,0,6,NA,0,"betterave avec feuilles et collet",0.22,0,0,"phacélie",0.3,0,0,0,0,1,NA,NA,NA,NA,NA,0,54.73,6.75,0.69,54.73,100,1.44
"36",2022,12,7,15,15,0,FALSE,FALSE,50,1,FALSE,FALSE,0,6,NA,0,"betterave avec feuilles et collet",0.22,0,0,"phacélie",0.3,0,0,0,0,1,NA,NA,NA,NA,NA,0,67.75,3.83,0.5,67.75,100,1.44
"37",2023,1,7,15,15,0,FALSE,FALSE,50,1,FALSE,FALSE,0,6,NA,0,"betterave avec feuilles et collet",0.22,0,0,"phacélie",0.3,0,0,0,0,1,NA,NA,NA,NA,NA,0,54.82,2.88,0.57,54.82,100,1.44
"38",2023,2,7,15,15,0,FALSE,FALSE,50,1,FALSE,FALSE,0,6,NA,0,"betterave avec feuilles et collet",0.22,0,0,"phacélie",0.3,0,0,0,0,1,NA,NA,NA,NA,NA,0,46.74,3.05,0.83,46.74,100,1.44
"39",2023,3,7,15,15,0,FALSE,FALSE,50,1,FALSE,TRUE,0,6,NA,0,"betterave avec feuilles et collet",0.22,0,0,"phacélie",0.3,1.12,0.34,1.12,0.34,1,NA,NA,NA,NA,NA,0,48.39,6,1.73,48.39,100,1.44
"40",2023,4,7,15,8,1,TRUE,FALSE,NA,0,FALSE,FALSE,0,6,NA,0,"betterave avec feuilles et collet",0.22,0,0,NA,NA,0,0,0,0,1,NA,NA,NA,NA,NA,0,36.47,9.8,3.03,36.47,100,1.44
"41",2023,5,7,15,8,1,FALSE,FALSE,NA,0,FALSE,FALSE,0,6,NA,0,"betterave avec feuilles et collet",0.22,0,0,NA,NA,0,0,0,0,1,NA,NA,NA,NA,NA,0,62.3,13.16,3.82,62.3,100,1.44
"42",2023,6,7,15,8,1,FALSE,FALSE,NA,0,FALSE,FALSE,30,6,NA,0,"betterave avec feuilles et collet",0.22,0,0,NA,NA,0,0,0,0,1,NA,NA,NA,NA,NA,0,56.5,16.29,4.44,86.5,100,1.44
"43",2023,7,7,15,8,1,FALSE,FALSE,NA,0,FALSE,FALSE,30,6,6,30,"betterave avec feuilles et collet",0.22,0,0,NA,NA,0,0,0,0,1,"Fumier Solide","Bovins",0.928,0.5,0.46,2.784,66.59,18.28,4.65,96.59,100,1.44
"44",2023,8,7,15,8,1,FALSE,FALSE,NA,0,FALSE,FALSE,30,6,NA,0,"betterave avec feuilles et collet",0.22,0,0,NA,NA,0,0,0,0,1,NA,NA,NA,NA,NA,0,76.22,17.18,3.49,106.22,100,1.44
"45",2023,9,7,15,8,1,FALSE,FALSE,NA,0,FALSE,FALSE,0,6,NA,0,"betterave avec feuilles et collet",0.22,0,0,NA,NA,0,0,0,0,1,NA,NA,NA,NA,NA,0,45.91,14.43,2.34,45.91,100,1.44
"46",2023,10,7,15,8,1,TRUE,TRUE,NA,0,FALSE,FALSE,0,6,NA,0,"betterave avec feuilles et collet",0.22,2.3,0.51,NA,NA,0,0,2.3,0.51,1,NA,NA,NA,NA,NA,0,58.98,11.08,1.25,58.98,100,1.44
"47",2023,11,15,8,7,1,FALSE,FALSE,NA,0,FALSE,FALSE,0,NA,NA,0,"blé d'hiver",0.31,0,0,NA,NA,0,0,0,0,1,NA,NA,NA,NA,NA,0,54.73,6.75,0.69,54.73,100,1.44
"48",2023,12,15,8,7,1,FALSE,FALSE,NA,0,FALSE,FALSE,0,NA,NA,0,"blé d'hiver",0.31,0,0,NA,NA,0,0,0,0,1,NA,NA,NA,NA,NA,0,67.75,3.83,0.5,67.75,100,1.44
"49",2024,1,15,8,7,1,FALSE,FALSE,NA,0,FALSE,FALSE,0,NA,NA,0,"blé d'hiver",0.31,0,0,NA,NA,0,0,0,0,1,NA,NA,NA,NA,NA,0,54.82,2.88,0.57,54.82,100,1.44
"50",2024,2,15,8,7,1,FALSE,FALSE,NA,0,FALSE,FALSE,0,NA,NA,0,"blé d'hiver",0.31,0,0,NA,NA,0,0,0,0,1,NA,NA,NA,NA,NA,0,46.74,3.05,0.83,46.74,100,1.44
"51",2024,3,15,8,7,1,FALSE,FALSE,NA,0,FALSE,FALSE,0,NA,NA,0,"blé d'hiver",0.31,0,0,NA,NA,0,0,0,0,1,NA,NA,NA,NA,NA,0,48.39,6,1.73,48.39,100,1.44
"52",2024,4,15,8,7,1,FALSE,FALSE,NA,0,FALSE,FALSE,0,NA,NA,0,"blé d'hiver",0.31,0,0,NA,NA,0,0,0,0,1,NA,NA,NA,NA,NA,0,36.47,9.8,3.03,36.47,100,1.44
"53",2024,5,15,8,7,1,FALSE,FALSE,NA,0,FALSE,FALSE,0,NA,NA,0,"blé d'hiver",0.31,0,0,NA,NA,0,0,0,0,1,NA,NA,NA,NA,NA,0,62.3,13.16,3.82,62.3,100,1.44
"54",2024,6,15,8,7,1,FALSE,FALSE,NA,0,FALSE,FALSE,0,NA,NA,0,"blé d'hiver",0.31,0,0,NA,NA,0,0,0,0,1,NA,NA,NA,NA,NA,0,56.5,16.29,4.44,56.5,100,1.44
"55",2024,7,15,8,7,1,FALSE,FALSE,NA,0,FALSE,FALSE,0,NA,NA,0,"blé d'hiver",0.31,0,0,NA,NA,0,0,0,0,1,NA,NA,NA,NA,NA,0,66.59,18.28,4.65,66.59,100,1.44
"56",2024,8,15,8,7,1,FALSE,TRUE,NA,0,FALSE,FALSE,0,NA,NA,0,"blé d'hiver",0.31,2.08,0.64,NA,NA,0,0,2.08,0.64,1,NA,NA,NA,NA,NA,0,76.22,17.18,3.49,76.22,100,1.44
"57",2024,9,8,7,7,0,FALSE,FALSE,NA,0,FALSE,FALSE,0,NA,NA,0,"orge d'hiver",0.31,0,0,NA,NA,0,0,0,0,0,NA,NA,NA,NA,NA,0,45.91,14.43,2.34,45.91,100,1.44
"58",2024,10,8,7,15,1,TRUE,FALSE,NA,0,FALSE,FALSE,0,NA,NA,0,"orge d'hiver",0.31,0,0,NA,NA,0,0,0,0,1,NA,NA,NA,NA,NA,0,58.98,11.08,1.25,58.98,100,1.44
"59",2024,11,8,7,15,1,FALSE,FALSE,NA,0,FALSE,FALSE,0,NA,NA,0,"orge d'hiver",0.31,0,0,NA,NA,0,0,0,0,1,NA,NA,NA,NA,NA,0,54.73,6.75,0.69,54.73,100,1.44
"60",2024,12,8,7,15,1,FALSE,FALSE,NA,0,FALSE,FALSE,0,NA,NA,0,"orge d'hiver",0.31,0,0,NA,NA,0,0,0,0,1,NA,NA,NA,NA,NA,0,67.75,3.83,0.5,67.75,100,1.44
"61",2025,1,8,7,15,1,FALSE,FALSE,NA,0,FALSE,FALSE,0,NA,NA,0,"orge d'hiver",0.31,0,0,NA,NA,0,0,0,0,1,NA,NA,NA,NA,NA,0,54.82,2.88,0.57,54.82,100,1.44
"62",2025,2,8,7,15,1,FALSE,FALSE,NA,0,FALSE,FALSE,0,NA,NA,0,"orge d'hiver",0.31,0,0,NA,NA,0,0,0,0,1,NA,NA,NA,NA,NA,0,46.74,3.05,0.83,46.74,100,1.44
"63",2025,3,8,7,15,1,FALSE,FALSE,NA,0,FALSE,FALSE,0,NA,NA,0,"orge d'hiver",0.31,0,0,NA,NA,0,0,0,0,1,NA,NA,NA,NA,NA,0,48.39,6,1.73,48.39,100,1.44
"64",2025,4,8,7,15,1,FALSE,FALSE,NA,0,FALSE,FALSE,0,NA,NA,0,"orge d'hiver",0.31,0,0,NA,NA,0,0,0,0,1,NA,NA,NA,NA,NA,0,36.47,9.8,3.03,36.47,100,1.44
"65",2025,5,8,7,15,1,FALSE,FALSE,NA,0,FALSE,FALSE,0,NA,NA,0,"orge d'hiver",0.31,0,0,NA,NA,0,0,0,0,1,NA,NA,NA,NA,NA,0,62.3,13.16,3.82,62.3,100,1.44
"66",2025,6,8,7,15,1,FALSE,FALSE,NA,0,FALSE,FALSE,0,NA,NA,0,"orge d'hiver",0.31,0,0,NA,NA,0,0,0,0,1,NA,NA,NA,NA,NA,0,56.5,16.29,4.44,56.5,100,1.44
"67",2025,7,8,7,15,1,FALSE,TRUE,NA,0,FALSE,FALSE,0,NA,NA,0,"orge d'hiver",0.31,2.24,0.69,NA,NA,0,0,2.24,0.69,1,NA,NA,NA,NA,NA,0,66.59,18.28,4.65,66.59,100,1.44
"68",2025,8,7,15,15,0,FALSE,FALSE,50,1,TRUE,FALSE,0,6,NA,0,"betterave avec feuilles et collet",0.22,0,0,"phacélie",0.3,0,0,0,0,1,NA,NA,NA,NA,NA,0,76.22,17.18,3.49,76.22,100,1.44
"69",2025,9,7,15,15,0,FALSE,FALSE,50,1,FALSE,FALSE,0,6,NA,0,"betterave avec feuilles et collet",0.22,0,0,"phacélie",0.3,0,0,0,0,1,NA,NA,NA,NA,NA,0,45.91,14.43,2.34,45.91,100,1.44
"70",2025,10,7,15,15,0,FALSE,FALSE,50,1,FALSE,FALSE,0,6,NA,0,"betterave avec feuilles et collet",0.22,0,0,"phacélie",0.3,0,0,0,0,1,NA,NA,NA,NA,NA,0,58.98,11.08,1.25,58.98,100,1.44
"71",2025,11,7,15,15,0,FALSE,FALSE,50,1,FALSE,FALSE,0,6,NA,0,"betterave avec feuilles et collet",0.22,0,0,"phacélie",0.3,0,0,0,0,1,NA,NA,NA,NA,NA,0,54.73,6.75,0.69,54.73,100,1.44
"72",2025,12,7,15,15,0,FALSE,FALSE,50,1,FALSE,FALSE,0,6,NA,0,"betterave avec feuilles et collet",0.22,0,0,"phacélie",0.3,0,0,0,0,1,NA,NA,NA,NA,NA,0,67.75,3.83,0.5,67.75,100,1.44
"73",2026,1,7,15,15,0,FALSE,FALSE,50,1,FALSE,FALSE,0,6,NA,0,"betterave avec feuilles et collet",0.22,0,0,"phacélie",0.3,0,0,0,0,1,NA,NA,NA,NA,NA,0,54.82,2.88,0.57,54.82,100,1.44
"74",2026,2,7,15,15,0,FALSE,FALSE,50,1,FALSE,FALSE,0,6,NA,0,"betterave avec feuilles et collet",0.22,0,0,"phacélie",0.3,0,0,0,0,1,NA,NA,NA,NA,NA,0,46.74,3.05,0.83,46.74,100,1.44
"75",2026,3,7,15,15,0,FALSE,FALSE,50,1,FALSE,TRUE,0,6,NA,0,"betterave avec feuilles et collet",0.22,0,0,"phacélie",0.3,1.12,0.34,1.12,0.34,1,NA,NA,NA,NA,NA,0,48.39,6,1.73,48.39,100,1.44
"76",2026,4,7,15,8,1,TRUE,FALSE,NA,0,FALSE,FALSE,0,6,NA,0,"betterave avec feuilles et collet",0.22,0,0,NA,NA,0,0,0,0,1,NA,NA,NA,NA,NA,0,36.47,9.8,3.03,36.47,100,1.44
"77",2026,5,7,15,8,1,FALSE,FALSE,NA,0,FALSE,FALSE,0,6,NA,0,"betterave avec feuilles et collet",0.22,0,0,NA,NA,0,0,0,0,1,NA,NA,NA,NA,NA,0,62.3,13.16,3.82,62.3,100,1.44
"78",2026,6,7,15,8,1,FALSE,FALSE,NA,0,FALSE,FALSE,30,6,NA,0,"betterave avec feuilles et collet",0.22,0,0,NA,NA,0,0,0,0,1,NA,NA,NA,NA,NA,0,56.5,16.29,4.44,86.5,100,1.44
"79",2026,7,7,15,8,1,FALSE,FALSE,NA,0,FALSE,FALSE,30,6,6,30,"betterave avec feuilles et collet",0.22,0,0,NA,NA,0,0,0,0,1,"Fumier Solide","Bovins",0.928,0.5,0.46,2.784,66.59,18.28,4.65,96.59,100,1.44
"80",2026,8,7,15,8,1,FALSE,FALSE,NA,0,FALSE,FALSE,30,6,NA,0,"betterave avec feuilles et collet",0.22,0,0,NA,NA,0,0,0,0,1,NA,NA,NA,NA,NA,0,76.22,17.18,3.49,106.22,100,1.44
"81",2026,9,7,15,8,1,FALSE,FALSE,NA,0,FALSE,FALSE,0,6,NA,0,"betterave avec feuilles et collet",0.22,0,0,NA,NA,0,0,0,0,1,NA,NA,NA,NA,NA,0,45.91,14.43,2.34,45.91,100,1.44
"82",2026,10,7,15,8,1,TRUE,TRUE,NA,0,FALSE,FALSE,0,6,NA,0,"betterave avec feuilles et collet",0.22,2.3,0.51,NA,NA,0,0,2.3,0.51,1,NA,NA,NA,NA,NA,0,58.98,11.08,1.25,58.98,100,1.44
"83",2026,11,15,8,7,1,FALSE,FALSE,NA,0,FALSE,FALSE,0,NA,NA,0,"blé d'hiver",0.31,0,0,NA,NA,0,0,0,0,1,NA,NA,NA,NA,NA,0,54.73,6.75,0.69,54.73,100,1.44
"84",2026,12,15,8,7,1,FALSE,FALSE,NA,0,FALSE,FALSE,0,NA,NA,0,"blé d'hiver",0.31,0,0,NA,NA,0,0,0,0,1,NA,NA,NA,NA,NA,0,67.75,3.83,0.5,67.75,100,1.44
"85",2027,1,15,8,7,1,FALSE,FALSE,NA,0,FALSE,FALSE,0,NA,NA,0,"blé d'hiver",0.31,0,0,NA,NA,0,0,0,0,1,NA,NA,NA,NA,NA,0,54.82,2.88,0.57,54.82,100,1.44
"86",2027,2,15,8,7,1,FALSE,FALSE,NA,0,FALSE,FALSE,0,NA,NA,0,"blé d'hiver",0.31,0,0,NA,NA,0,0,0,0,1,NA,NA,NA,NA,NA,0,46.74,3.05,0.83,46.74,100,1.44
"87",2027,3,15,8,7,1,FALSE,FALSE,NA,0,FALSE,FALSE,0,NA,NA,0,"blé d'hiver",0.31,0,0,NA,NA,0,0,0,0,1,NA,NA,NA,NA,NA,0,48.39,6,1.73,48.39,100,1.44
"88",2027,4,15,8,7,1,FALSE,FALSE,NA,0,FALSE,FALSE,0,NA,NA,0,"blé d'hiver",0.31,0,0,NA,NA,0,0,0,0,1,NA,NA,NA,NA,NA,0,36.47,9.8,3.03,36.47,100,1.44
"89",2027,5,15,8,7,1,FALSE,FALSE,NA,0,FALSE,FALSE,0,NA,NA,0,"blé d'hiver",0.31,0,0,NA,NA,0,0,0,0,1,NA,NA,NA,NA,NA,0,62.3,13.16,3.82,62.3,100,1.44
"90",2027,6,15,8,7,1,FALSE,FALSE,NA,0,FALSE,FALSE,0,NA,NA,0,"blé d'hiver",0.31,0,0,NA,NA,0,0,0,0,1,NA,NA,NA,NA,NA,0,56.5,16.29,4.44,56.5,100,1.44
"91",2027,7,15,8,7,1,FALSE,FALSE,NA,0,FALSE,FALSE,0,NA,NA,0,"blé d'hiver",0.31,0,0,NA,NA,0,0,0,0,1,NA,NA,NA,NA,NA,0,66.59,18.28,4.65,66.59,100,1.44
"92",2027,8,15,8,7,1,FALSE,TRUE,NA,0,FALSE,FALSE,0,NA,NA,0,"blé d'hiver",0.31,2.08,0.64,NA,NA,0,0,2.08,0.64,1,NA,NA,NA,NA,NA,0,76.22,17.18,3.49,76.22,100,1.44
"93",2027,9,8,7,7,0,FALSE,FALSE,NA,0,FALSE,FALSE,0,NA,NA,0,"orge d'hiver",0.31,0,0,NA,NA,0,0,0,0,0,NA,NA,NA,NA,NA,0,45.91,14.43,2.34,45.91,100,1.44
"94",2027,10,8,7,15,1,TRUE,FALSE,NA,0,FALSE,FALSE,0,NA,NA,0,"orge d'hiver",0.31,0,0,NA,NA,0,0,0,0,1,NA,NA,NA,NA,NA,0,58.98,11.08,1.25,58.98,100,1.44
"95",2027,11,8,7,15,1,FALSE,FALSE,NA,0,FALSE,FALSE,0,NA,NA,0,"orge d'hiver",0.31,0,0,NA,NA,0,0,0,0,1,NA,NA,NA,NA,NA,0,54.73,6.75,0.69,54.73,100,1.44
"96",2027,12,8,7,15,1,FALSE,FALSE,NA,0,FALSE,FALSE,0,NA,NA,0,"orge d'hiver",0.31,0,0,NA,NA,0,0,0,0,1,NA,NA,NA,NA,NA,0,67.75,3.83,0.5,67.75,100,1.44
"97",2028,1,8,7,15,1,FALSE,FALSE,NA,0,FALSE,FALSE,0,NA,NA,0,"orge d'hiver",0.31,0,0,NA,NA,0,0,0,0,1,NA,NA,NA,NA,NA,0,54.82,2.88,0.57,54.82,100,1.44
"98",2028,2,8,7,15,1,FALSE,FALSE,NA,0,FALSE,FALSE,0,NA,NA,0,"orge d'hiver",0.31,0,0,NA,NA,0,0,0,0,1,NA,NA,NA,NA,NA,0,46.74,3.05,0.83,46.74,100,1.44
"99",2028,3,8,7,15,1,FALSE,FALSE,NA,0,FALSE,FALSE,0,NA,NA,0,"orge d'hiver",0.31,0,0,NA,NA,0,0,0,0,1,NA,NA,NA,NA,NA,0,48.39,6,1.73,48.39,100,1.44
"100",2028,4,8,7,15,1,FALSE,FALSE,NA,0,FALSE,FALSE,0,NA,NA,0,"orge d'hiver",0.31,0,0,NA,NA,0,0,0,0,1,NA,NA,NA,NA,NA,0,36.47,9.8,3.03,36.47,100,1.44
"101",2028,5,8,7,15,1,FALSE,FALSE,NA,0,FALSE,FALSE,0,NA,NA,0,"orge d'hiver",0.31,0,0,NA,NA,0,0,0,0,1,NA,NA,NA,NA,NA,0,62.3,13.16,3.82,62.3,100,1.44
"102",2028,6,8,7,15,1,FALSE,FALSE,NA,0,FALSE,FALSE,0,NA,NA,0,"orge d'hiver",0.31,0,0,NA,NA,0,0,0,0,1,NA,NA,NA,NA,NA,0,56.5,16.29,4.44,56.5,100,1.44
"103",2028,7,8,7,15,1,FALSE,TRUE,NA,0,FALSE,FALSE,0,NA,NA,0,"orge d'hiver",0.31,2.24,0.69,NA,NA,0,0,2.24,0.69,1,NA,NA,NA,NA,NA,0,66.59,18.28,4.65,66.59,100,1.44
"104",2028,8,7,15,15,0,FALSE,FALSE,50,1,TRUE,FALSE,0,6,NA,0,"betterave avec feuilles et collet",0.22,0,0,"phacélie",0.3,0,0,0,0,1,NA,NA,NA,NA,NA,0,76.22,17.18,3.49,76.22,100,1.44
"105",2028,9,7,15,15,0,FALSE,FALSE,50,1,FALSE,FALSE,0,6,NA,0,"betterave avec feuilles et collet",0.22,0,0,"phacélie",0.3,0,0,0,0,1,NA,NA,NA,NA,NA,0,45.91,14.43,2.34,45.91,100,1.44
"106",2028,10,7,15,15,0,FALSE,FALSE,50,1,FALSE,FALSE,0,6,NA,0,"betterave avec feuilles et collet",0.22,0,0,"phacélie",0.3,0,0,0,0,1,NA,NA,NA,NA,NA,0,58.98,11.08,1.25,58.98,100,1.44
"107",2028,11,7,15,15,0,FALSE,FALSE,50,1,FALSE,FALSE,0,6,NA,0,"betterave avec feuilles et collet",0.22,0,0,"phacélie",0.3,0,0,0,0,1,NA,NA,NA,NA,NA,0,54.73,6.75,0.69,54.73,100,1.44
"108",2028,12,7,15,15,0,FALSE,FALSE,50,1,FALSE,FALSE,0,6,NA,0,"betterave avec feuilles et collet",0.22,0,0,"phacélie",0.3,0,0,0,0,1,NA,NA,NA,NA,NA,0,67.75,3.83,0.5,67.75,100,1.44
"109",2029,1,7,15,15,0,FALSE,FALSE,50,1,FALSE,FALSE,0,6,NA,0,"betterave avec feuilles et collet",0.22,0,0,"phacélie",0.3,0,0,0,0,1,NA,NA,NA,NA,NA,0,54.82,2.88,0.57,54.82,100,1.44
"110",2029,2,7,15,15,0,FALSE,FALSE,50,1,FALSE,FALSE,0,6,NA,0,"betterave avec feuilles et collet",0.22,0,0,"phacélie",0.3,0,0,0,0,1,NA,NA,NA,NA,NA,0,46.74,3.05,0.83,46.74,100,1.44
"111",2029,3,7,15,15,0,FALSE,FALSE,50,1,FALSE,TRUE,0,6,NA,0,"betterave avec feuilles et collet",0.22,0,0,"phacélie",0.3,1.12,0.34,1.12,0.34,1,NA,NA,NA,NA,NA,0,48.39,6,1.73,48.39,100,1.44
"112",2029,4,7,15,8,1,TRUE,FALSE,NA,0,FALSE,FALSE,0,6,NA,0,"betterave avec feuilles et collet",0.22,0,0,NA,NA,0,0,0,0,1,NA,NA,NA,NA,NA,0,36.47,9.8,3.03,36.47,100,1.44
"113",2029,5,7,15,8,1,FALSE,FALSE,NA,0,FALSE,FALSE,0,6,NA,0,"betterave avec feuilles et collet",0.22,0,0,NA,NA,0,0,0,0,1,NA,NA,NA,NA,NA,0,62.3,13.16,3.82,62.3,100,1.44
"114",2029,6,7,15,8,1,FALSE,FALSE,NA,0,FALSE,FALSE,30,6,NA,0,"betterave avec feuilles et collet",0.22,0,0,NA,NA,0,0,0,0,1,NA,NA,NA,NA,NA,0,56.5,16.29,4.44,86.5,100,1.44
"115",2029,7,7,15,8,1,FALSE,FALSE,NA,0,FALSE,FALSE,30,6,6,30,"betterave avec feuilles et collet",0.22,0,0,NA,NA,0,0,0,0,1,"Fumier Solide","Bovins",0.928,0.5,0.46,2.784,66.59,18.28,4.65,96.59,100,1.44
"116",2029,8,7,15,8,1,FALSE,FALSE,NA,0,FALSE,FALSE,30,6,NA,0,"betterave avec feuilles et collet",0.22,0,0,NA,NA,0,0,0,0,1,NA,NA,NA,NA,NA,0,76.22,17.18,3.49,106.22,100,1.44
"117",2029,9,7,15,8,1,FALSE,FALSE,NA,0,FALSE,FALSE,0,6,NA,0,"betterave avec feuilles et collet",0.22,0,0,NA,NA,0,0,0,0,1,NA,NA,NA,NA,NA,0,45.91,14.43,2.34,45.91,100,1.44
"118",2029,10,7,15,8,1,TRUE,TRUE,NA,0,FALSE,FALSE,0,6,NA,0,"betterave avec feuilles et collet",0.22,2.3,0.51,NA,NA,0,0,2.3,0.51,1,NA,NA,NA,NA,NA,0,58.98,11.08,1.25,58.98,100,1.44
"119",2029,11,15,8,7,1,FALSE,FALSE,NA,0,FALSE,FALSE,0,NA,NA,0,"blé d'hiver",0.31,0,0,NA,NA,0,0,0,0,1,NA,NA,NA,NA,NA,0,54.73,6.75,0.69,54.73,100,1.44
"120",2029,12,15,8,7,1,FALSE,FALSE,NA,0,FALSE,FALSE,0,NA,NA,0,"blé d'hiver",0.31,0,0,NA,NA,0,0,0,0,1,NA,NA,NA,NA,NA,0,67.75,3.83,0.5,67.75,100,1.44
"121",2030,1,15,8,7,1,FALSE,FALSE,NA,0,FALSE,FALSE,0,NA,NA,0,"blé d'hiver",0.31,0,0,NA,NA,0,0,0,0,1,NA,NA,NA,NA,NA,0,54.82,2.88,0.57,54.82,100,1.44
"122",2030,2,15,8,7,1,FALSE,FALSE,NA,0,FALSE,FALSE,0,NA,NA,0,"blé d'hiver",0.31,0,0,NA,NA,0,0,0,0,1,NA,NA,NA,NA,NA,0,46.74,3.05,0.83,46.74,100,1.44
"123",2030,3,15,8,7,1,FALSE,FALSE,NA,0,FALSE,FALSE,0,NA,NA,0,"blé d'hiver",0.31,0,0,NA,NA,0,0,0,0,1,NA,NA,NA,NA,NA,0,48.39,6,1.73,48.39,100,1.44
"124",2030,4,15,8,7,1,FALSE,FALSE,NA,0,FALSE,FALSE,0,NA,NA,0,"blé d'hiver",0.31,0,0,NA,NA,0,0,0,0,1,NA,NA,NA,NA,NA,0,36.47,9.8,3.03,36.47,100,1.44
"125",2030,5,15,8,7,1,FALSE,FALSE,NA,0,FALSE,FALSE,0,NA,NA,0,"blé d'hiver",0.31,0,0,NA,NA,0,0,0,0,1,NA,NA,NA,NA,NA,0,62.3,13.16,3.82,62.3,100,1.44
"126",2030,6,15,8,7,1,FALSE,FALSE,NA,0,FALSE,FALSE,0,NA,NA,0,"blé d'hiver",0.31,0,0,NA,NA,0,0,0,0,1,NA,NA,NA,NA,NA,0,56.5,16.29,4.44,56.5,100,1.44
"127",2030,7,15,8,7,1,FALSE,FALSE,NA,0,FALSE,FALSE,0,NA,NA,0,"blé d'hiver",0.31,0,0,NA,NA,0,0,0,0,1,NA,NA,NA,NA,NA,0,66.59,18.28,4.65,66.59,100,1.44
"128",2030,8,15,8,7,1,FALSE,TRUE,NA,0,FALSE,FALSE,0,NA,NA,0,"blé d'hiver",0.31,2.08,0.64,NA,NA,0,0,2.08,0.64,1,NA,NA,NA,NA,NA,0,76.22,17.18,3.49,76.22,100,1.44
"129",2030,9,8,7,7,0,FALSE,FALSE,NA,0,FALSE,FALSE,0,NA,NA,0,"orge d'hiver",0.31,0,0,NA,NA,0,0,0,0,0,NA,NA,NA,NA,NA,0,45.91,14.43,2.34,45.91,100,1.44
"130",2030,10,8,7,15,1,TRUE,FALSE,NA,0,FALSE,FALSE,0,NA,NA,0,"orge d'hiver",0.31,0,0,NA,NA,0,0,0,0,1,NA,NA,NA,NA,NA,0,58.98,11.08,1.25,58.98,100,1.44
"131",2030,11,8,7,15,1,FALSE,FALSE,NA,0,FALSE,FALSE,0,NA,NA,0,"orge d'hiver",0.31,0,0,NA,NA,0,0,0,0,1,NA,NA,NA,NA,NA,0,54.73,6.75,0.69,54.73,100,1.44
"132",2030,12,8,7,15,1,FALSE,FALSE,NA,0,FALSE,FALSE,0,NA,NA,0,"orge d'hiver",0.31,0,0,NA,NA,0,0,0,0,1,NA,NA,NA,NA,NA,0,67.75,3.83,0.5,67.75,100,1.44
"133",2031,1,8,7,15,1,FALSE,FALSE,NA,0,FALSE,FALSE,0,NA,NA,0,"orge d'hiver",0.31,0,0,NA,NA,0,0,0,0,1,NA,NA,NA,NA,NA,0,54.82,2.88,0.57,54.82,100,1.44
"134",2031,2,8,7,15,1,FALSE,FALSE,NA,0,FALSE,FALSE,0,NA,NA,0,"orge d'hiver",0.31,0,0,NA,NA,0,0,0,0,1,NA,NA,NA,NA,NA,0,46.74,3.05,0.83,46.74,100,1.44
"135",2031,3,8,7,15,1,FALSE,FALSE,NA,0,FALSE,FALSE,0,NA,NA,0,"orge d'hiver",0.31,0,0,NA,NA,0,0,0,0,1,NA,NA,NA,NA,NA,0,48.39,6,1.73,48.39,100,1.44
"136",2031,4,8,7,15,1,FALSE,FALSE,NA,0,FALSE,FALSE,0,NA,NA,0,"orge d'hiver",0.31,0,0,NA,NA,0,0,0,0,1,NA,NA,NA,NA,NA,0,36.47,9.8,3.03,36.47,100,1.44
"137",2031,5,8,7,15,1,FALSE,FALSE,NA,0,FALSE,FALSE,0,NA,NA,0,"orge d'hiver",0.31,0,0,NA,NA,0,0,0,0,1,NA,NA,NA,NA,NA,0,62.3,13.16,3.82,62.3,100,1.44
"138",2031,6,8,7,15,1,FALSE,FALSE,NA,0,FALSE,FALSE,0,NA,NA,0,"orge d'hiver",0.31,0,0,NA,NA,0,0,0,0,1,NA,NA,NA,NA,NA,0,56.5,16.29,4.44,56.5,100,1.44
"139",2031,7,8,7,15,1,FALSE,TRUE,NA,0,FALSE,FALSE,0,NA,NA,0,"orge d'hiver",0.31,2.24,0.69,NA,NA,0,0,2.24,0.69,1,NA,NA,NA,NA,NA,0,66.59,18.28,4.65,66.59,100,1.44
"140",2031,8,7,15,15,0,FALSE,FALSE,50,1,TRUE,FALSE,0,6,NA,0,"betterave avec feuilles et collet",0.22,0,0,"phacélie",0.3,0,0,0,0,1,NA,NA,NA,NA,NA,0,76.22,17.18,3.49,76.22,100,1.44
"141",2031,9,7,15,15,0,FALSE,FALSE,50,1,FALSE,FALSE,0,6,NA,0,"betterave avec feuilles et collet",0.22,0,0,"phacélie",0.3,0,0,0,0,1,NA,NA,NA,NA,NA,0,45.91,14.43,2.34,45.91,100,1.44
"142",2031,10,7,15,15,0,FALSE,FALSE,50,1,FALSE,FALSE,0,6,NA,0,"betterave avec feuilles et collet",0.22,0,0,"phacélie",0.3,0,0,0,0,1,NA,NA,NA,NA,NA,0,58.98,11.08,1.25,58.98,100,1.44
"143",2031,11,7,15,15,0,FALSE,FALSE,50,1,FALSE,FALSE,0,6,NA,0,"betterave avec feuilles et collet",0.22,0,0,"phacélie",0.3,0,0,0,0,1,NA,NA,NA,NA,NA,0,54.73,6.75,0.69,54.73,100,1.44
"144",2031,12,7,15,15,0,FALSE,FALSE,50,1,FALSE,FALSE,0,6,NA,0,"betterave avec feuilles et collet",0.22,0,0,"phacélie",0.3,0,0,0,0,1,NA,NA,NA,NA,NA,0,67.75,3.83,0.5,67.75,100,1.44
"145",2032,1,7,15,15,0,FALSE,FALSE,50,1,FALSE,FALSE,0,6,NA,0,"betterave avec feuilles et collet",0.22,0,0,"phacélie",0.3,0,0,0,0,1,NA,NA,NA,NA,NA,0,54.82,2.88,0.57,54.82,100,1.44
"146",2032,2,7,15,15,0,FALSE,FALSE,50,1,FALSE,FALSE,0,6,NA,0,"betterave avec feuilles et collet",0.22,0,0,"phacélie",0.3,0,0,0,0,1,NA,NA,NA,NA,NA,0,46.74,3.05,0.83,46.74,100,1.44
"147",2032,3,7,15,15,0,FALSE,FALSE,50,1,FALSE,TRUE,0,6,NA,0,"betterave avec feuilles et collet",0.22,0,0,"phacélie",0.3,1.12,0.34,1.12,0.34,1,NA,NA,NA,NA,NA,0,48.39,6,1.73,48.39,100,1.44
"148",2032,4,7,15,8,1,TRUE,FALSE,NA,0,FALSE,FALSE,0,6,NA,0,"betterave avec feuilles et collet",0.22,0,0,NA,NA,0,0,0,0,1,NA,NA,NA,NA,NA,0,36.47,9.8,3.03,36.47,100,1.44
"149",2032,5,7,15,8,1,FALSE,FALSE,NA,0,FALSE,FALSE,0,6,NA,0,"betterave avec feuilles et collet",0.22,0,0,NA,NA,0,0,0,0,1,NA,NA,NA,NA,NA,0,62.3,13.16,3.82,62.3,100,1.44
"150",2032,6,7,15,8,1,FALSE,FALSE,NA,0,FALSE,FALSE,30,6,NA,0,"betterave avec feuilles et collet",0.22,0,0,NA,NA,0,0,0,0,1,NA,NA,NA,NA,NA,0,56.5,16.29,4.44,86.5,100,1.44
"151",2032,7,7,15,8,1,FALSE,FALSE,NA,0,FALSE,FALSE,30,6,6,30,"betterave avec feuilles et collet",0.22,0,0,NA,NA,0,0,0,0,1,"Fumier Solide","Bovins",0.928,0.5,0.46,2.784,66.59,18.28,4.65,96.59,100,1.44
"152",2032,8,7,15,8,1,FALSE,FALSE,NA,0,FALSE,FALSE,30,6,NA,0,"betterave avec feuilles et collet",0.22,0,0,NA,NA,0,0,0,0,1,NA,NA,NA,NA,NA,0,76.22,17.18,3.49,106.22,100,1.44
"153",2032,9,7,15,8,1,FALSE,FALSE,NA,0,FALSE,FALSE,0,6,NA,0,"betterave avec feuilles et collet",0.22,0,0,NA,NA,0,0,0,0,1,NA,NA,NA,NA,NA,0,45.91,14.43,2.34,45.91,100,1.44
"154",2032,10,7,15,8,1,TRUE,TRUE,NA,0,FALSE,FALSE,0,6,NA,0,"betterave avec feuilles et collet",0.22,2.3,0.51,NA,NA,0,0,2.3,0.51,1,NA,NA,NA,NA,NA,0,58.98,11.08,1.25,58.98,100,1.44
"155",2032,11,15,8,7,1,FALSE,FALSE,NA,0,FALSE,FALSE,0,NA,NA,0,"blé d'hiver",0.31,0,0,NA,NA,0,0,0,0,1,NA,NA,NA,NA,NA,0,54.73,6.75,0.69,54.73,100,1.44
"156",2032,12,15,8,7,1,FALSE,FALSE,NA,0,FALSE,FALSE,0,NA,NA,0,"blé d'hiver",0.31,0,0,NA,NA,0,0,0,0,1,NA,NA,NA,NA,NA,0,67.75,3.83,0.5,67.75,100,1.44
"157",2033,1,15,8,7,1,FALSE,FALSE,NA,0,FALSE,FALSE,0,NA,NA,0,"blé d'hiver",0.31,0,0,NA,NA,0,0,0,0,1,NA,NA,NA,NA,NA,0,54.82,2.88,0.57,54.82,100,1.44
"158",2033,2,15,8,7,1,FALSE,FALSE,NA,0,FALSE,FALSE,0,NA,NA,0,"blé d'hiver",0.31,0,0,NA,NA,0,0,0,0,1,NA,NA,NA,NA,NA,0,46.74,3.05,0.83,46.74,100,1.44
"159",2033,3,15,8,7,1,FALSE,FALSE,NA,0,FALSE,FALSE,0,NA,NA,0,"blé d'hiver",0.31,0,0,NA,NA,0,0,0,0,1,NA,NA,NA,NA,NA,0,48.39,6,1.73,48.39,100,1.44
"160",2033,4,15,8,7,1,FALSE,FALSE,NA,0,FALSE,FALSE,0,NA,NA,0,"blé d'hiver",0.31,0,0,NA,NA,0,0,0,0,1,NA,NA,NA,NA,NA,0,36.47,9.8,3.03,36.47,100,1.44
"161",2033,5,15,8,7,1,FALSE,FALSE,NA,0,FALSE,FALSE,0,NA,NA,0,"blé d'hiver",0.31,0,0,NA,NA,0,0,0,0,1,NA,NA,NA,NA,NA,0,62.3,13.16,3.82,62.3,100,1.44
"162",2033,6,15,8,7,1,FALSE,FALSE,NA,0,FALSE,FALSE,0,NA,NA,0,"blé d'hiver",0.31,0,0,NA,NA,0,0,0,0,1,NA,NA,NA,NA,NA,0,56.5,16.29,4.44,56.5,100,1.44
"163",2033,7,15,8,7,1,FALSE,FALSE,NA,0,FALSE,FALSE,0,NA,NA,0,"blé d'hiver",0.31,0,0,NA,NA,0,0,0,0,1,NA,NA,NA,NA,NA,0,66.59,18.28,4.65,66.59,100,1.44
"164",2033,8,15,8,7,1,FALSE,TRUE,NA,0,FALSE,FALSE,0,NA,NA,0,"blé d'hiver",0.31,2.08,0.64,NA,NA,0,0,2.08,0.64,1,NA,NA,NA,NA,NA,0,76.22,17.18,3.49,76.22,100,1.44
"165",2033,9,8,7,7,0,FALSE,FALSE,NA,0,FALSE,FALSE,0,NA,NA,0,"orge d'hiver",0.31,0,0,NA,NA,0,0,0,0,0,NA,NA,NA,NA,NA,0,45.91,14.43,2.34,45.91,100,1.44
"166",2033,10,8,7,15,1,TRUE,FALSE,NA,0,FALSE,FALSE,0,NA,NA,0,"orge d'hiver",0.31,0,0,NA,NA,0,0,0,0,1,NA,NA,NA,NA,NA,0,58.98,11.08,1.25,58.98,100,1.44
"167",2033,11,8,7,15,1,FALSE,FALSE,NA,0,FALSE,FALSE,0,NA,NA,0,"orge d'hiver",0.31,0,0,NA,NA,0,0,0,0,1,NA,NA,NA,NA,NA,0,54.73,6.75,0.69,54.73,100,1.44
"168",2033,12,8,7,15,1,FALSE,FALSE,NA,0,FALSE,FALSE,0,NA,NA,0,"orge d'hiver",0.31,0,0,NA,NA,0,0,0,0,1,NA,NA,NA,NA,NA,0,67.75,3.83,0.5,67.75,100,1.44
"169",2034,1,8,7,15,1,FALSE,FALSE,NA,0,FALSE,FALSE,0,NA,NA,0,"orge d'hiver",0.31,0,0,NA,NA,0,0,0,0,1,NA,NA,NA,NA,NA,0,54.82,2.88,0.57,54.82,100,1.44
"170",2034,2,8,7,15,1,FALSE,FALSE,NA,0,FALSE,FALSE,0,NA,NA,0,"orge d'hiver",0.31,0,0,NA,NA,0,0,0,0,1,NA,NA,NA,NA,NA,0,46.74,3.05,0.83,46.74,100,1.44
"171",2034,3,8,7,15,1,FALSE,FALSE,NA,0,FALSE,FALSE,0,NA,NA,0,"orge d'hiver",0.31,0,0,NA,NA,0,0,0,0,1,NA,NA,NA,NA,NA,0,48.39,6,1.73,48.39,100,1.44
"172",2034,4,8,7,15,1,FALSE,FALSE,NA,0,FALSE,FALSE,0,NA,NA,0,"orge d'hiver",0.31,0,0,NA,NA,0,0,0,0,1,NA,NA,NA,NA,NA,0,36.47,9.8,3.03,36.47,100,1.44
"173",2034,5,8,7,15,1,FALSE,FALSE,NA,0,FALSE,FALSE,0,NA,NA,0,"orge d'hiver",0.31,0,0,NA,NA,0,0,0,0,1,NA,NA,NA,NA,NA,0,62.3,13.16,3.82,62.3,100,1.44
"174",2034,6,8,7,15,1,FALSE,FALSE,NA,0,FALSE,FALSE,0,NA,NA,0,"orge d'hiver",0.31,0,0,NA,NA,0,0,0,0,1,NA,NA,NA,NA,NA,0,56.5,16.29,4.44,56.5,100,1.44
"175",2034,7,8,7,15,1,FALSE,TRUE,NA,0,FALSE,FALSE,0,NA,NA,0,"orge d'hiver",0.31,2.24,0.69,NA,NA,0,0,2.24,0.69,1,NA,NA,NA,NA,NA,0,66.59,18.28,4.65,66.59,100,1.44
"176",2034,8,7,15,15,0,FALSE,FALSE,50,1,TRUE,FALSE,0,6,NA,0,"betterave avec feuilles et collet",0.22,0,0,"phacélie",0.3,0,0,0,0,1,NA,NA,NA,NA,NA,0,76.22,17.18,3.49,76.22,100,1.44
"177",2034,9,7,15,15,0,FALSE,FALSE,50,1,FALSE,FALSE,0,6,NA,0,"betterave avec feuilles et collet",0.22,0,0,"phacélie",0.3,0,0,0,0,1,NA,NA,NA,NA,NA,0,45.91,14.43,2.34,45.91,100,1.44
"178",2034,10,7,15,15,0,FALSE,FALSE,50,1,FALSE,FALSE,0,6,NA,0,"betterave avec feuilles et collet",0.22,0,0,"phacélie",0.3,0,0,0,0,1,NA,NA,NA,NA,NA,0,58.98,11.08,1.25,58.98,100,1.44
"179",2034,11,7,15,15,0,FALSE,FALSE,50,1,FALSE,FALSE,0,6,NA,0,"betterave avec feuilles et collet",0.22,0,0,"phacélie",0.3,0,0,0,0,1,NA,NA,NA,NA,NA,0,54.73,6.75,0.69,54.73,100,1.44
"180",2034,12,7,15,15,0,FALSE,FALSE,50,1,FALSE,FALSE,0,6,NA,0,"betterave avec feuilles et collet",0.22,0,0,"phacélie",0.3,0,0,0,0,1,NA,NA,NA,NA,NA,0,67.75,3.83,0.5,67.75,100,1.44
"181",2035,1,7,15,15,0,FALSE,FALSE,50,1,FALSE,FALSE,0,6,NA,0,"betterave avec feuilles et collet",0.22,0,0,"phacélie",0.3,0,0,0,0,1,NA,NA,NA,NA,NA,0,54.82,2.88,0.57,54.82,100,1.44
"182",2035,2,7,15,15,0,FALSE,FALSE,50,1,FALSE,FALSE,0,6,NA,0,"betterave avec feuilles et collet",0.22,0,0,"phacélie",0.3,0,0,0,0,1,NA,NA,NA,NA,NA,0,46.74,3.05,0.83,46.74,100,1.44
"183",2035,3,7,15,15,0,FALSE,FALSE,50,1,FALSE,TRUE,0,6,NA,0,"betterave avec feuilles et collet",0.22,0,0,"phacélie",0.3,1.12,0.34,1.12,0.34,1,NA,NA,NA,NA,NA,0,48.39,6,1.73,48.39,100,1.44
"184",2035,4,7,15,8,1,TRUE,FALSE,NA,0,FALSE,FALSE,0,6,NA,0,"betterave avec feuilles et collet",0.22,0,0,NA,NA,0,0,0,0,1,NA,NA,NA,NA,NA,0,36.47,9.8,3.03,36.47,100,1.44
"185",2035,5,7,15,8,1,FALSE,FALSE,NA,0,FALSE,FALSE,0,6,NA,0,"betterave avec feuilles et collet",0.22,0,0,NA,NA,0,0,0,0,1,NA,NA,NA,NA,NA,0,62.3,13.16,3.82,62.3,100,1.44
"186",2035,6,7,15,8,1,FALSE,FALSE,NA,0,FALSE,FALSE,30,6,NA,0,"betterave avec feuilles et collet",0.22,0,0,NA,NA,0,0,0,0,1,NA,NA,NA,NA,NA,0,56.5,16.29,4.44,86.5,100,1.44
"187",2035,7,7,15,8,1,FALSE,FALSE,NA,0,FALSE,FALSE,30,6,6,30,"betterave avec feuilles et collet",0.22,0,0,NA,NA,0,0,0,0,1,"Fumier Solide","Bovins",0.928,0.5,0.46,2.784,66.59,18.28,4.65,96.59,100,1.44
"188",2035,8,7,15,8,1,FALSE,FALSE,NA,0,FALSE,FALSE,30,6,NA,0,"betterave avec feuilles et collet",0.22,0,0,NA,NA,0,0,0,0,1,NA,NA,NA,NA,NA,0,76.22,17.18,3.49,106.22,100,1.44
"189",2035,9,7,15,8,1,FALSE,FALSE,NA,0,FALSE,FALSE,0,6,NA,0,"betterave avec feuilles et collet",0.22,0,0,NA,NA,0,0,0,0,1,NA,NA,NA,NA,NA,0,45.91,14.43,2.34,45.91,100,1.44
"190",2035,10,7,15,8,1,TRUE,TRUE,NA,0,FALSE,FALSE,0,6,NA,0,"betterave avec feuilles et collet",0.22,2.3,0.51,NA,NA,0,0,2.3,0.51,1,NA,NA,NA,NA,NA,0,58.98,11.08,1.25,58.98,100,1.44
"191",2035,11,15,8,7,1,FALSE,FALSE,NA,0,FALSE,FALSE,0,NA,NA,0,"blé d'hiver",0.31,0,0,NA,NA,0,0,0,0,1,NA,NA,NA,NA,NA,0,54.73,6.75,0.69,54.73,100,1.44
"192",2035,12,15,8,7,1,FALSE,FALSE,NA,0,FALSE,FALSE,0,NA,NA,0,"blé d'hiver",0.31,0,0,NA,NA,0,0,0,0,1,NA,NA,NA,NA,NA,0,67.75,3.83,0.5,67.75,100,1.44
"193",2036,1,15,8,7,1,FALSE,FALSE,NA,0,FALSE,FALSE,0,NA,NA,0,"blé d'hiver",0.31,0,0,NA,NA,0,0,0,0,1,NA,NA,NA,NA,NA,0,54.82,2.88,0.57,54.82,100,1.44
"194",2036,2,15,8,7,1,FALSE,FALSE,NA,0,FALSE,FALSE,0,NA,NA,0,"blé d'hiver",0.31,0,0,NA,NA,0,0,0,0,1,NA,NA,NA,NA,NA,0,46.74,3.05,0.83,46.74,100,1.44
"195",2036,3,15,8,7,1,FALSE,FALSE,NA,0,FALSE,FALSE,0,NA,NA,0,"blé d'hiver",0.31,0,0,NA,NA,0,0,0,0,1,NA,NA,NA,NA,NA,0,48.39,6,1.73,48.39,100,1.44
"196",2036,4,15,8,7,1,FALSE,FALSE,NA,0,FALSE,FALSE,0,NA,NA,0,"blé d'hiver",0.31,0,0,NA,NA,0,0,0,0,1,NA,NA,NA,NA,NA,0,36.47,9.8,3.03,36.47,100,1.44
"197",2036,5,15,8,7,1,FALSE,FALSE,NA,0,FALSE,FALSE,0,NA,NA,0,"blé d'hiver",0.31,0,0,NA,NA,0,0,0,0,1,NA,NA,NA,NA,NA,0,62.3,13.16,3.82,62.3,100,1.44
"198",2036,6,15,8,7,1,FALSE,FALSE,NA,0,FALSE,FALSE,0,NA,NA,0,"blé d'hiver",0.31,0,0,NA,NA,0,0,0,0,1,NA,NA,NA,NA,NA,0,56.5,16.29,4.44,56.5,100,1.44
"199",2036,7,15,8,7,1,FALSE,FALSE,NA,0,FALSE,FALSE,0,NA,NA,0,"blé d'hiver",0.31,0,0,NA,NA,0,0,0,0,1,NA,NA,NA,NA,NA,0,66.59,18.28,4.65,66.59,100,1.44
"200",2036,8,15,8,7,1,FALSE,TRUE,NA,0,FALSE,FALSE,0,NA,NA,0,"blé d'hiver",0.31,2.08,0.64,NA,NA,0,0,2.08,0.64,1,NA,NA,NA,NA,NA,0,76.22,17.18,3.49,76.22,100,1.44
"201",2036,9,8,7,7,0,FALSE,FALSE,NA,0,FALSE,FALSE,0,NA,NA,0,"orge d'hiver",0.31,0,0,NA,NA,0,0,0,0,0,NA,NA,NA,NA,NA,0,45.91,14.43,2.34,45.91,100,1.44
"202",2036,10,8,7,15,1,TRUE,FALSE,NA,0,FALSE,FALSE,0,NA,NA,0,"orge d'hiver",0.31,0,0,NA,NA,0,0,0,0,1,NA,NA,NA,NA,NA,0,58.98,11.08,1.25,58.98,100,1.44
"203",2036,11,8,7,15,1,FALSE,FALSE,NA,0,FALSE,FALSE,0,NA,NA,0,"orge d'hiver",0.31,0,0,NA,NA,0,0,0,0,1,NA,NA,NA,NA,NA,0,54.73,6.75,0.69,54.73,100,1.44
"204",2036,12,8,7,15,1,FALSE,FALSE,NA,0,FALSE,FALSE,0,NA,NA,0,"orge d'hiver",0.31,0,0,NA,NA,0,0,0,0,1,NA,NA,NA,NA,NA,0,67.75,3.83,0.5,67.75,100,1.44
"205",2037,1,8,7,15,1,FALSE,FALSE,NA,0,FALSE,FALSE,0,NA,NA,0,"orge d'hiver",0.31,0,0,NA,NA,0,0,0,0,1,NA,NA,NA,NA,NA,0,54.82,2.88,0.57,54.82,100,1.44
"206",2037,2,8,7,15,1,FALSE,FALSE,NA,0,FALSE,FALSE,0,NA,NA,0,"orge d'hiver",0.31,0,0,NA,NA,0,0,0,0,1,NA,NA,NA,NA,NA,0,46.74,3.05,0.83,46.74,100,1.44
"207",2037,3,8,7,15,1,FALSE,FALSE,NA,0,FALSE,FALSE,0,NA,NA,0,"orge d'hiver",0.31,0,0,NA,NA,0,0,0,0,1,NA,NA,NA,NA,NA,0,48.39,6,1.73,48.39,100,1.44
"208",2037,4,8,7,15,1,FALSE,FALSE,NA,0,FALSE,FALSE,0,NA,NA,0,"orge d'hiver",0.31,0,0,NA,NA,0,0,0,0,1,NA,NA,NA,NA,NA,0,36.47,9.8,3.03,36.47,100,1.44
"209",2037,5,8,7,15,1,FALSE,FALSE,NA,0,FALSE,FALSE,0,NA,NA,0,"orge d'hiver",0.31,0,0,NA,NA,0,0,0,0,1,NA,NA,NA,NA,NA,0,62.3,13.16,3.82,62.3,100,1.44
"210",2037,6,8,7,15,1,FALSE,FALSE,NA,0,FALSE,FALSE,0,NA,NA,0,"orge d'hiver",0.31,0,0,NA,NA,0,0,0,0,1,NA,NA,NA,NA,NA,0,56.5,16.29,4.44,56.5,100,1.44
"211",2037,7,8,7,15,1,FALSE,TRUE,NA,0,FALSE,FALSE,0,NA,NA,0,"orge d'hiver",0.31,2.24,0.69,NA,NA,0,0,2.24,0.69,1,NA,NA,NA,NA,NA,0,66.59,18.28,4.65,66.59,100,1.44
"212",2037,8,7,15,15,0,FALSE,FALSE,50,1,TRUE,FALSE,0,6,NA,0,"betterave avec feuilles et collet",0.22,0,0,"phacélie",0.3,0,0,0,0,1,NA,NA,NA,NA,NA,0,76.22,17.18,3.49,76.22,100,1.44
"213",2037,9,7,15,15,0,FALSE,FALSE,50,1,FALSE,FALSE,0,6,NA,0,"betterave avec feuilles et collet",0.22,0,0,"phacélie",0.3,0,0,0,0,1,NA,NA,NA,NA,NA,0,45.91,14.43,2.34,45.91,100,1.44
"214",2037,10,7,15,15,0,FALSE,FALSE,50,1,FALSE,FALSE,0,6,NA,0,"betterave avec feuilles et collet",0.22,0,0,"phacélie",0.3,0,0,0,0,1,NA,NA,NA,NA,NA,0,58.98,11.08,1.25,58.98,100,1.44
"215",2037,11,7,15,15,0,FALSE,FALSE,50,1,FALSE,FALSE,0,6,NA,0,"betterave avec feuilles et collet",0.22,0,0,"phacélie",0.3,0,0,0,0,1,NA,NA,NA,NA,NA,0,54.73,6.75,0.69,54.73,100,1.44
"216",2037,12,7,15,15,0,FALSE,FALSE,50,1,FALSE,FALSE,0,6,NA,0,"betterave avec feuilles et collet",0.22,0,0,"phacélie",0.3,0,0,0,0,1,NA,NA,NA,NA,NA,0,67.75,3.83,0.5,67.75,100,1.44
"217",2038,1,7,15,15,0,FALSE,FALSE,50,1,FALSE,FALSE,0,6,NA,0,"betterave avec feuilles et collet",0.22,0,0,"phacélie",0.3,0,0,0,0,1,NA,NA,NA,NA,NA,0,54.82,2.88,0.57,54.82,100,1.44
"218",2038,2,7,15,15,0,FALSE,FALSE,50,1,FALSE,FALSE,0,6,NA,0,"betterave avec feuilles et collet",0.22,0,0,"phacélie",0.3,0,0,0,0,1,NA,NA,NA,NA,NA,0,46.74,3.05,0.83,46.74,100,1.44
"219",2038,3,7,15,15,0,FALSE,FALSE,50,1,FALSE,TRUE,0,6,NA,0,"betterave avec feuilles et collet",0.22,0,0,"phacélie",0.3,1.12,0.34,1.12,0.34,1,NA,NA,NA,NA,NA,0,48.39,6,1.73,48.39,100,1.44
"220",2038,4,7,15,8,1,TRUE,FALSE,NA,0,FALSE,FALSE,0,6,NA,0,"betterave avec feuilles et collet",0.22,0,0,NA,NA,0,0,0,0,1,NA,NA,NA,NA,NA,0,36.47,9.8,3.03,36.47,100,1.44
"221",2038,5,7,15,8,1,FALSE,FALSE,NA,0,FALSE,FALSE,0,6,NA,0,"betterave avec feuilles et collet",0.22,0,0,NA,NA,0,0,0,0,1,NA,NA,NA,NA,NA,0,62.3,13.16,3.82,62.3,100,1.44
"222",2038,6,7,15,8,1,FALSE,FALSE,NA,0,FALSE,FALSE,30,6,NA,0,"betterave avec feuilles et collet",0.22,0,0,NA,NA,0,0,0,0,1,NA,NA,NA,NA,NA,0,56.5,16.29,4.44,86.5,100,1.44
"223",2038,7,7,15,8,1,FALSE,FALSE,NA,0,FALSE,FALSE,30,6,6,30,"betterave avec feuilles et collet",0.22,0,0,NA,NA,0,0,0,0,1,"Fumier Solide","Bovins",0.928,0.5,0.46,2.784,66.59,18.28,4.65,96.59,100,1.44
"224",2038,8,7,15,8,1,FALSE,FALSE,NA,0,FALSE,FALSE,30,6,NA,0,"betterave avec feuilles et collet",0.22,0,0,NA,NA,0,0,0,0,1,NA,NA,NA,NA,NA,0,76.22,17.18,3.49,106.22,100,1.44
"225",2038,9,7,15,8,1,FALSE,FALSE,NA,0,FALSE,FALSE,0,6,NA,0,"betterave avec feuilles et collet",0.22,0,0,NA,NA,0,0,0,0,1,NA,NA,NA,NA,NA,0,45.91,14.43,2.34,45.91,100,1.44
"226",2038,10,7,15,8,1,TRUE,TRUE,NA,0,FALSE,FALSE,0,6,NA,0,"betterave avec feuilles et collet",0.22,2.3,0.51,NA,NA,0,0,2.3,0.51,1,NA,NA,NA,NA,NA,0,58.98,11.08,1.25,58.98,100,1.44
"227",2038,11,15,8,7,1,FALSE,FALSE,NA,0,FALSE,FALSE,0,NA,NA,0,"blé d'hiver",0.31,0,0,NA,NA,0,0,0,0,1,NA,NA,NA,NA,NA,0,54.73,6.75,0.69,54.73,100,1.44
"228",2038,12,15,8,7,1,FALSE,FALSE,NA,0,FALSE,FALSE,0,NA,NA,0,"blé d'hiver",0.31,0,0,NA,NA,0,0,0,0,1,NA,NA,NA,NA,NA,0,67.75,3.83,0.5,67.75,100,1.44
"229",2039,1,15,8,7,1,FALSE,FALSE,NA,0,FALSE,FALSE,0,NA,NA,0,"blé d'hiver",0.31,0,0,NA,NA,0,0,0,0,1,NA,NA,NA,NA,NA,0,54.82,2.88,0.57,54.82,100,1.44
"230",2039,2,15,8,7,1,FALSE,FALSE,NA,0,FALSE,FALSE,0,NA,NA,0,"blé d'hiver",0.31,0,0,NA,NA,0,0,0,0,1,NA,NA,NA,NA,NA,0,46.74,3.05,0.83,46.74,100,1.44
"231",2039,3,15,8,7,1,FALSE,FALSE,NA,0,FALSE,FALSE,0,NA,NA,0,"blé d'hiver",0.31,0,0,NA,NA,0,0,0,0,1,NA,NA,NA,NA,NA,0,48.39,6,1.73,48.39,100,1.44
"232",2039,4,15,8,7,1,FALSE,FALSE,NA,0,FALSE,FALSE,0,NA,NA,0,"blé d'hiver",0.31,0,0,NA,NA,0,0,0,0,1,NA,NA,NA,NA,NA,0,36.47,9.8,3.03,36.47,100,1.44
"233",2039,5,15,8,7,1,FALSE,FALSE,NA,0,FALSE,FALSE,0,NA,NA,0,"blé d'hiver",0.31,0,0,NA,NA,0,0,0,0,1,NA,NA,NA,NA,NA,0,62.3,13.16,3.82,62.3,100,1.44
"234",2039,6,15,8,7,1,FALSE,FALSE,NA,0,FALSE,FALSE,0,NA,NA,0,"blé d'hiver",0.31,0,0,NA,NA,0,0,0,0,1,NA,NA,NA,NA,NA,0,56.5,16.29,4.44,56.5,100,1.44
"235",2039,7,15,8,7,1,FALSE,FALSE,NA,0,FALSE,FALSE,0,NA,NA,0,"blé d'hiver",0.31,0,0,NA,NA,0,0,0,0,1,NA,NA,NA,NA,NA,0,66.59,18.28,4.65,66.59,100,1.44
"236",2039,8,15,8,7,1,FALSE,TRUE,NA,0,FALSE,FALSE,0,NA,NA,0,"blé d'hiver",0.31,2.08,0.64,NA,NA,0,0,2.08,0.64,1,NA,NA,NA,NA,NA,0,76.22,17.18,3.49,76.22,100,1.44
"237",2039,9,8,7,7,0,FALSE,FALSE,NA,0,FALSE,FALSE,0,NA,NA,0,"orge d'hiver",0.31,0,0,NA,NA,0,0,0,0,0,NA,NA,NA,NA,NA,0,45.91,14.43,2.34,45.91,100,1.44
"238",2039,10,8,7,15,1,TRUE,FALSE,NA,0,FALSE,FALSE,0,NA,NA,0,"orge d'hiver",0.31,0,0,NA,NA,0,0,0,0,1,NA,NA,NA,NA,NA,0,58.98,11.08,1.25,58.98,100,1.44
"239",2039,11,8,7,15,1,FALSE,FALSE,NA,0,FALSE,FALSE,0,NA,NA,0,"orge d'hiver",0.31,0,0,NA,NA,0,0,0,0,1,NA,NA,NA,NA,NA,0,54.73,6.75,0.69,54.73,100,1.44
"240",2039,12,8,7,15,1,FALSE,FALSE,NA,0,FALSE,FALSE,0,NA,NA,0,"orge d'hiver",0.31,0,0,NA,NA,0,0,0,0,1,NA,NA,NA,NA,NA,0,67.75,3.83,0.5,67.75,100,1.44
"241",2040,1,8,7,15,1,FALSE,FALSE,NA,0,FALSE,FALSE,0,NA,NA,0,"orge d'hiver",0.31,0,0,NA,NA,0,0,0,0,1,NA,NA,NA,NA,NA,0,54.82,2.88,0.57,54.82,100,1.44
"242",2040,2,8,7,15,1,FALSE,FALSE,NA,0,FALSE,FALSE,0,NA,NA,0,"orge d'hiver",0.31,0,0,NA,NA,0,0,0,0,1,NA,NA,NA,NA,NA,0,46.74,3.05,0.83,46.74,100,1.44
"243",2040,3,8,7,15,1,FALSE,FALSE,NA,0,FALSE,FALSE,0,NA,NA,0,"orge d'hiver",0.31,0,0,NA,NA,0,0,0,0,1,NA,NA,NA,NA,NA,0,48.39,6,1.73,48.39,100,1.44
"244",2040,4,8,7,15,1,FALSE,FALSE,NA,0,FALSE,FALSE,0,NA,NA,0,"orge d'hiver",0.31,0,0,NA,NA,0,0,0,0,1,NA,NA,NA,NA,NA,0,36.47,9.8,3.03,36.47,100,1.44
"245",2040,5,8,7,15,1,FALSE,FALSE,NA,0,FALSE,FALSE,0,NA,NA,0,"orge d'hiver",0.31,0,0,NA,NA,0,0,0,0,1,NA,NA,NA,NA,NA,0,62.3,13.16,3.82,62.3,100,1.44
"246",2040,6,8,7,15,1,FALSE,FALSE,NA,0,FALSE,FALSE,0,NA,NA,0,"orge d'hiver",0.31,0,0,NA,NA,0,0,0,0,1,NA,NA,NA,NA,NA,0,56.5,16.29,4.44,56.5,100,1.44
"247",2040,7,8,7,15,1,FALSE,TRUE,NA,0,FALSE,FALSE,0,NA,NA,0,"orge d'hiver",0.31,2.24,0.69,NA,NA,0,0,2.24,0.69,1,NA,NA,NA,NA,NA,0,66.59,18.28,4.65,66.59,100,1.44
"248",2040,8,7,15,15,0,FALSE,FALSE,50,1,TRUE,FALSE,0,6,NA,0,"betterave avec feuilles et collet",0.22,0,0,"phacélie",0.3,0,0,0,0,1,NA,NA,NA,NA,NA,0,76.22,17.18,3.49,76.22,100,1.44
"249",2040,9,7,15,15,0,FALSE,FALSE,50,1,FALSE,FALSE,0,6,NA,0,"betterave avec feuilles et collet",0.22,0,0,"phacélie",0.3,0,0,0,0,1,NA,NA,NA,NA,NA,0,45.91,14.43,2.34,45.91,100,1.44
"250",2040,10,7,15,15,0,FALSE,FALSE,50,1,FALSE,FALSE,0,6,NA,0,"betterave avec feuilles et collet",0.22,0,0,"phacélie",0.3,0,0,0,0,1,NA,NA,NA,NA,NA,0,58.98,11.08,1.25,58.98,100,1.44
"251",2040,11,7,15,15,0,FALSE,FALSE,50,1,FALSE,FALSE,0,6,NA,0,"betterave avec feuilles et collet",0.22,0,0,"phacélie",0.3,0,0,0,0,1,NA,NA,NA,NA,NA,0,54.73,6.75,0.69,54.73,100,1.44
"252",2040,12,7,15,15,0,FALSE,FALSE,50,1,FALSE,FALSE,0,6,NA,0,"betterave avec feuilles et collet",0.22,0,0,"phacélie",0.3,0,0,0,0,1,NA,NA,NA,NA,NA,0,67.75,3.83,0.5,67.75,100,1.44
"253",2041,1,7,15,15,0,FALSE,FALSE,50,1,FALSE,FALSE,0,6,NA,0,"betterave avec feuilles et collet",0.22,0,0,"phacélie",0.3,0,0,0,0,1,NA,NA,NA,NA,NA,0,54.82,2.88,0.57,54.82,100,1.44
"254",2041,2,7,15,15,0,FALSE,FALSE,50,1,FALSE,FALSE,0,6,NA,0,"betterave avec feuilles et collet",0.22,0,0,"phacélie",0.3,0,0,0,0,1,NA,NA,NA,NA,NA,0,46.74,3.05,0.83,46.74,100,1.44
"255",2041,3,7,15,15,0,FALSE,FALSE,50,1,FALSE,TRUE,0,6,NA,0,"betterave avec feuilles et collet",0.22,0,0,"phacélie",0.3,1.12,0.34,1.12,0.34,1,NA,NA,NA,NA,NA,0,48.39,6,1.73,48.39,100,1.44
"256",2041,4,7,15,8,1,TRUE,FALSE,NA,0,FALSE,FALSE,0,6,NA,0,"betterave avec feuilles et collet",0.22,0,0,NA,NA,0,0,0,0,1,NA,NA,NA,NA,NA,0,36.47,9.8,3.03,36.47,100,1.44
"257",2041,5,7,15,8,1,FALSE,FALSE,NA,0,FALSE,FALSE,0,6,NA,0,"betterave avec feuilles et collet",0.22,0,0,NA,NA,0,0,0,0,1,NA,NA,NA,NA,NA,0,62.3,13.16,3.82,62.3,100,1.44
"258",2041,6,7,15,8,1,FALSE,FALSE,NA,0,FALSE,FALSE,30,6,NA,0,"betterave avec feuilles et collet",0.22,0,0,NA,NA,0,0,0,0,1,NA,NA,NA,NA,NA,0,56.5,16.29,4.44,86.5,100,1.44
"259",2041,7,7,15,8,1,FALSE,FALSE,NA,0,FALSE,FALSE,30,6,6,30,"betterave avec feuilles et collet",0.22,0,0,NA,NA,0,0,0,0,1,"Fumier Solide","Bovins",0.928,0.5,0.46,2.784,66.59,18.28,4.65,96.59,100,1.44
"260",2041,8,7,15,8,1,FALSE,FALSE,NA,0,FALSE,FALSE,30,6,NA,0,"betterave avec feuilles et collet",0.22,0,0,NA,NA,0,0,0,0,1,NA,NA,NA,NA,NA,0,76.22,17.18,3.49,106.22,100,1.44
"261",2041,9,7,15,8,1,FALSE,FALSE,NA,0,FALSE,FALSE,0,6,NA,0,"betterave avec feuilles et collet",0.22,0,0,NA,NA,0,0,0,0,1,NA,NA,NA,NA,NA,0,45.91,14.43,2.34,45.91,100,1.44
"262",2041,10,7,15,8,1,TRUE,TRUE,NA,0,FALSE,FALSE,0,6,NA,0,"betterave avec feuilles et collet",0.22,2.3,0.51,NA,NA,0,0,2.3,0.51,1,NA,NA,NA,NA,NA,0,58.98,11.08,1.25,58.98,100,1.44
"263",2041,11,15,8,7,1,FALSE,FALSE,NA,0,FALSE,FALSE,0,NA,NA,0,"blé d'hiver",0.31,0,0,NA,NA,0,0,0,0,1,NA,NA,NA,NA,NA,0,54.73,6.75,0.69,54.73,100,1.44
"264",2041,12,15,8,7,1,FALSE,FALSE,NA,0,FALSE,FALSE,0,NA,NA,0,"blé d'hiver",0.31,0,0,NA,NA,0,0,0,0,1,NA,NA,NA,NA,NA,0,67.75,3.83,0.5,67.75,100,1.44
"265",2042,1,15,8,7,1,FALSE,FALSE,NA,0,FALSE,FALSE,0,NA,NA,0,"blé d'hiver",0.31,0,0,NA,NA,0,0,0,0,1,NA,NA,NA,NA,NA,0,54.82,2.88,0.57,54.82,100,1.44
"266",2042,2,15,8,7,1,FALSE,FALSE,NA,0,FALSE,FALSE,0,NA,NA,0,"blé d'hiver",0.31,0,0,NA,NA,0,0,0,0,1,NA,NA,NA,NA,NA,0,46.74,3.05,0.83,46.74,100,1.44
"267",2042,3,15,8,7,1,FALSE,FALSE,NA,0,FALSE,FALSE,0,NA,NA,0,"blé d'hiver",0.31,0,0,NA,NA,0,0,0,0,1,NA,NA,NA,NA,NA,0,48.39,6,1.73,48.39,100,1.44
"268",2042,4,15,8,7,1,FALSE,FALSE,NA,0,FALSE,FALSE,0,NA,NA,0,"blé d'hiver",0.31,0,0,NA,NA,0,0,0,0,1,NA,NA,NA,NA,NA,0,36.47,9.8,3.03,36.47,100,1.44
"269",2042,5,15,8,7,1,FALSE,FALSE,NA,0,FALSE,FALSE,0,NA,NA,0,"blé d'hiver",0.31,0,0,NA,NA,0,0,0,0,1,NA,NA,NA,NA,NA,0,62.3,13.16,3.82,62.3,100,1.44
"270",2042,6,15,8,7,1,FALSE,FALSE,NA,0,FALSE,FALSE,0,NA,NA,0,"blé d'hiver",0.31,0,0,NA,NA,0,0,0,0,1,NA,NA,NA,NA,NA,0,56.5,16.29,4.44,56.5,100,1.44
"271",2042,7,15,8,7,1,FALSE,FALSE,NA,0,FALSE,FALSE,0,NA,NA,0,"blé d'hiver",0.31,0,0,NA,NA,0,0,0,0,1,NA,NA,NA,NA,NA,0,66.59,18.28,4.65,66.59,100,1.44
"272",2042,8,15,8,7,1,FALSE,TRUE,NA,0,FALSE,FALSE,0,NA,NA,0,"blé d'hiver",0.31,2.08,0.64,NA,NA,0,0,2.08,0.64,1,NA,NA,NA,NA,NA,0,76.22,17.18,3.49,76.22,100,1.44
"273",2042,9,8,7,7,0,FALSE,FALSE,NA,0,FALSE,FALSE,0,NA,NA,0,"orge d'hiver",0.31,0,0,NA,NA,0,0,0,0,0,NA,NA,NA,NA,NA,0,45.91,14.43,2.34,45.91,100,1.44
"274",2042,10,8,7,15,1,TRUE,FALSE,NA,0,FALSE,FALSE,0,NA,NA,0,"orge d'hiver",0.31,0,0,NA,NA,0,0,0,0,1,NA,NA,NA,NA,NA,0,58.98,11.08,1.25,58.98,100,1.44
"275",2042,11,8,7,15,1,FALSE,FALSE,NA,0,FALSE,FALSE,0,NA,NA,0,"orge d'hiver",0.31,0,0,NA,NA,0,0,0,0,1,NA,NA,NA,NA,NA,0,54.73,6.75,0.69,54.73,100,1.44
"276",2042,12,8,7,15,1,FALSE,FALSE,NA,0,FALSE,FALSE,0,NA,NA,0,"orge d'hiver",0.31,0,0,NA,NA,0,0,0,0,1,NA,NA,NA,NA,NA,0,67.75,3.83,0.5,67.75,100,1.44
"277",2043,1,8,7,15,1,FALSE,FALSE,NA,0,FALSE,FALSE,0,NA,NA,0,"orge d'hiver",0.31,0,0,NA,NA,0,0,0,0,1,NA,NA,NA,NA,NA,0,54.82,2.88,0.57,54.82,100,1.44
"278",2043,2,8,7,15,1,FALSE,FALSE,NA,0,FALSE,FALSE,0,NA,NA,0,"orge d'hiver",0.31,0,0,NA,NA,0,0,0,0,1,NA,NA,NA,NA,NA,0,46.74,3.05,0.83,46.74,100,1.44
"279",2043,3,8,7,15,1,FALSE,FALSE,NA,0,FALSE,FALSE,0,NA,NA,0,"orge d'hiver",0.31,0,0,NA,NA,0,0,0,0,1,NA,NA,NA,NA,NA,0,48.39,6,1.73,48.39,100,1.44
"280",2043,4,8,7,15,1,FALSE,FALSE,NA,0,FALSE,FALSE,0,NA,NA,0,"orge d'hiver",0.31,0,0,NA,NA,0,0,0,0,1,NA,NA,NA,NA,NA,0,36.47,9.8,3.03,36.47,100,1.44
"281",2043,5,8,7,15,1,FALSE,FALSE,NA,0,FALSE,FALSE,0,NA,NA,0,"orge d'hiver",0.31,0,0,NA,NA,0,0,0,0,1,NA,NA,NA,NA,NA,0,62.3,13.16,3.82,62.3,100,1.44
"282",2043,6,8,7,15,1,FALSE,FALSE,NA,0,FALSE,FALSE,0,NA,NA,0,"orge d'hiver",0.31,0,0,NA,NA,0,0,0,0,1,NA,NA,NA,NA,NA,0,56.5,16.29,4.44,56.5,100,1.44
"283",2043,7,8,7,15,1,FALSE,TRUE,NA,0,FALSE,FALSE,0,NA,NA,0,"orge d'hiver",0.31,2.24,0.69,NA,NA,0,0,2.24,0.69,1,NA,NA,NA,NA,NA,0,66.59,18.28,4.65,66.59,100,1.44
"284",2043,8,7,15,15,0,FALSE,FALSE,50,1,TRUE,FALSE,0,6,NA,0,"betterave avec feuilles et collet",0.22,0,0,"phacélie",0.3,0,0,0,0,1,NA,NA,NA,NA,NA,0,76.22,17.18,3.49,76.22,100,1.44
"285",2043,9,7,15,15,0,FALSE,FALSE,50,1,FALSE,FALSE,0,6,NA,0,"betterave avec feuilles et collet",0.22,0,0,"phacélie",0.3,0,0,0,0,1,NA,NA,NA,NA,NA,0,45.91,14.43,2.34,45.91,100,1.44
"286",2043,10,7,15,15,0,FALSE,FALSE,50,1,FALSE,FALSE,0,6,NA,0,"betterave avec feuilles et collet",0.22,0,0,"phacélie",0.3,0,0,0,0,1,NA,NA,NA,NA,NA,0,58.98,11.08,1.25,58.98,100,1.44
"287",2043,11,7,15,15,0,FALSE,FALSE,50,1,FALSE,FALSE,0,6,NA,0,"betterave avec feuilles et collet",0.22,0,0,"phacélie",0.3,0,0,0,0,1,NA,NA,NA,NA,NA,0,54.73,6.75,0.69,54.73,100,1.44
"288",2043,12,7,15,15,0,FALSE,FALSE,50,1,FALSE,FALSE,0,6,NA,0,"betterave avec feuilles et collet",0.22,0,0,"phacélie",0.3,0,0,0,0,1,NA,NA,NA,NA,NA,0,67.75,3.83,0.5,67.75,100,1.44
"289",2044,1,7,15,15,0,FALSE,FALSE,50,1,FALSE,FALSE,0,6,NA,0,"betterave avec feuilles et collet",0.22,0,0,"phacélie",0.3,0,0,0,0,1,NA,NA,NA,NA,NA,0,54.82,2.88,0.57,54.82,100,1.44
"290",2044,2,7,15,15,0,FALSE,FALSE,50,1,FALSE,FALSE,0,6,NA,0,"betterave avec feuilles et collet",0.22,0,0,"phacélie",0.3,0,0,0,0,1,NA,NA,NA,NA,NA,0,46.74,3.05,0.83,46.74,100,1.44
"291",2044,3,7,15,15,0,FALSE,FALSE,50,1,FALSE,TRUE,0,6,NA,0,"betterave avec feuilles et collet",0.22,0,0,"phacélie",0.3,1.12,0.34,1.12,0.34,1,NA,NA,NA,NA,NA,0,48.39,6,1.73,48.39,100,1.44
"292",2044,4,7,15,8,1,TRUE,FALSE,NA,0,FALSE,FALSE,0,6,NA,0,"betterave avec feuilles et collet",0.22,0,0,NA,NA,0,0,0,0,1,NA,NA,NA,NA,NA,0,36.47,9.8,3.03,36.47,100,1.44
"293",2044,5,7,15,8,1,FALSE,FALSE,NA,0,FALSE,FALSE,0,6,NA,0,"betterave avec feuilles et collet",0.22,0,0,NA,NA,0,0,0,0,1,NA,NA,NA,NA,NA,0,62.3,13.16,3.82,62.3,100,1.44
"294",2044,6,7,15,8,1,FALSE,FALSE,NA,0,FALSE,FALSE,30,6,NA,0,"betterave avec feuilles et collet",0.22,0,0,NA,NA,0,0,0,0,1,NA,NA,NA,NA,NA,0,56.5,16.29,4.44,86.5,100,1.44
"295",2044,7,7,15,8,1,FALSE,FALSE,NA,0,FALSE,FALSE,30,6,6,30,"betterave avec feuilles et collet",0.22,0,0,NA,NA,0,0,0,0,1,"Fumier Solide","Bovins",0.928,0.5,0.46,2.784,66.59,18.28,4.65,96.59,100,1.44
"296",2044,8,7,15,8,1,FALSE,FALSE,NA,0,FALSE,FALSE,30,6,NA,0,"betterave avec feuilles et collet",0.22,0,0,NA,NA,0,0,0,0,1,NA,NA,NA,NA,NA,0,76.22,17.18,3.49,106.22,100,1.44
"297",2044,9,7,15,8,1,FALSE,FALSE,NA,0,FALSE,FALSE,0,6,NA,0,"betterave avec feuilles et collet",0.22,0,0,NA,NA,0,0,0,0,1,NA,NA,NA,NA,NA,0,45.91,14.43,2.34,45.91,100,1.44
"298",2044,10,7,15,8,1,TRUE,TRUE,NA,0,FALSE,FALSE,0,6,NA,0,"betterave avec feuilles et collet",0.22,2.3,0.51,NA,NA,0,0,2.3,0.51,1,NA,NA,NA,NA,NA,0,58.98,11.08,1.25,58.98,100,1.44
"299",2044,11,15,8,7,1,FALSE,FALSE,NA,0,FALSE,FALSE,0,NA,NA,0,"blé d'hiver",0.31,0,0,NA,NA,0,0,0,0,1,NA,NA,NA,NA,NA,0,54.73,6.75,0.69,54.73,100,1.44
"300",2044,12,15,8,7,1,FALSE,FALSE,NA,0,FALSE,FALSE,0,NA,NA,0,"blé d'hiver",0.31,0,0,NA,NA,0,0,0,0,1,NA,NA,NA,NA,NA,0,67.75,3.83,0.5,67.75,100,1.44
"301",2045,1,15,8,7,1,FALSE,FALSE,NA,0,FALSE,FALSE,0,NA,NA,0,"blé d'hiver",0.31,0,0,NA,NA,0,0,0,0,1,NA,NA,NA,NA,NA,0,54.82,2.88,0.57,54.82,100,1.44
"302",2045,2,15,8,7,1,FALSE,FALSE,NA,0,FALSE,FALSE,0,NA,NA,0,"blé d'hiver",0.31,0,0,NA,NA,0,0,0,0,1,NA,NA,NA,NA,NA,0,46.74,3.05,0.83,46.74,100,1.44
"303",2045,3,15,8,7,1,FALSE,FALSE,NA,0,FALSE,FALSE,0,NA,NA,0,"blé d'hiver",0.31,0,0,NA,NA,0,0,0,0,1,NA,NA,NA,NA,NA,0,48.39,6,1.73,48.39,100,1.44
"304",2045,4,15,8,7,1,FALSE,FALSE,NA,0,FALSE,FALSE,0,NA,NA,0,"blé d'hiver",0.31,0,0,NA,NA,0,0,0,0,1,NA,NA,NA,NA,NA,0,36.47,9.8,3.03,36.47,100,1.44
"305",2045,5,15,8,7,1,FALSE,FALSE,NA,0,FALSE,FALSE,0,NA,NA,0,"blé d'hiver",0.31,0,0,NA,NA,0,0,0,0,1,NA,NA,NA,NA,NA,0,62.3,13.16,3.82,62.3,100,1.44
"306",2045,6,15,8,7,1,FALSE,FALSE,NA,0,FALSE,FALSE,0,NA,NA,0,"blé d'hiver",0.31,0,0,NA,NA,0,0,0,0,1,NA,NA,NA,NA,NA,0,56.5,16.29,4.44,56.5,100,1.44
"307",2045,7,15,8,7,1,FALSE,FALSE,NA,0,FALSE,FALSE,0,NA,NA,0,"blé d'hiver",0.31,0,0,NA,NA,0,0,0,0,1,NA,NA,NA,NA,NA,0,66.59,18.28,4.65,66.59,100,1.44
"308",2045,8,15,8,7,1,FALSE,TRUE,NA,0,FALSE,FALSE,0,NA,NA,0,"blé d'hiver",0.31,2.08,0.64,NA,NA,0,0,2.08,0.64,1,NA,NA,NA,NA,NA,0,76.22,17.18,3.49,76.22,100,1.44
"309",2045,9,8,7,7,0,FALSE,FALSE,NA,0,FALSE,FALSE,0,NA,NA,0,"orge d'hiver",0.31,0,0,NA,NA,0,0,0,0,0,NA,NA,NA,NA,NA,0,45.91,14.43,2.34,45.91,100,1.44
"310",2045,10,8,7,15,1,TRUE,FALSE,NA,0,FALSE,FALSE,0,NA,NA,0,"orge d'hiver",0.31,0,0,NA,NA,0,0,0,0,1,NA,NA,NA,NA,NA,0,58.98,11.08,1.25,58.98,100,1.44
"311",2045,11,8,7,15,1,FALSE,FALSE,NA,0,FALSE,FALSE,0,NA,NA,0,"orge d'hiver",0.31,0,0,NA,NA,0,0,0,0,1,NA,NA,NA,NA,NA,0,54.73,6.75,0.69,54.73,100,1.44
"312",2045,12,8,7,15,1,FALSE,FALSE,NA,0,FALSE,FALSE,0,NA,NA,0,"orge d'hiver",0.31,0,0,NA,NA,0,0,0,0,1,NA,NA,NA,NA,NA,0,67.75,3.83,0.5,67.75,100,1.44
"313",2046,1,8,7,15,1,FALSE,FALSE,NA,0,FALSE,FALSE,0,NA,NA,0,"orge d'hiver",0.31,0,0,NA,NA,0,0,0,0,1,NA,NA,NA,NA,NA,0,54.82,2.88,0.57,54.82,100,1.44
"314",2046,2,8,7,15,1,FALSE,FALSE,NA,0,FALSE,FALSE,0,NA,NA,0,"orge d'hiver",0.31,0,0,NA,NA,0,0,0,0,1,NA,NA,NA,NA,NA,0,46.74,3.05,0.83,46.74,100,1.44
"315",2046,3,8,7,15,1,FALSE,FALSE,NA,0,FALSE,FALSE,0,NA,NA,0,"orge d'hiver",0.31,0,0,NA,NA,0,0,0,0,1,NA,NA,NA,NA,NA,0,48.39,6,1.73,48.39,100,1.44
"316",2046,4,8,7,15,1,FALSE,FALSE,NA,0,FALSE,FALSE,0,NA,NA,0,"orge d'hiver",0.31,0,0,NA,NA,0,0,0,0,1,NA,NA,NA,NA,NA,0,36.47,9.8,3.03,36.47,100,1.44
"317",2046,5,8,7,15,1,FALSE,FALSE,NA,0,FALSE,FALSE,0,NA,NA,0,"orge d'hiver",0.31,0,0,NA,NA,0,0,0,0,1,NA,NA,NA,NA,NA,0,62.3,13.16,3.82,62.3,100,1.44
"318",2046,6,8,7,15,1,FALSE,FALSE,NA,0,FALSE,FALSE,0,NA,NA,0,"orge d'hiver",0.31,0,0,NA,NA,0,0,0,0,1,NA,NA,NA,NA,NA,0,56.5,16.29,4.44,56.5,100,1.44
"319",2046,7,8,7,15,1,FALSE,TRUE,NA,0,FALSE,FALSE,0,NA,NA,0,"orge d'hiver",0.31,2.24,0.69,NA,NA,0,0,2.24,0.69,1,NA,NA,NA,NA,NA,0,66.59,18.28,4.65,66.59,100,1.44
"320",2046,8,7,15,15,0,FALSE,FALSE,50,1,TRUE,FALSE,0,6,NA,0,"betterave avec feuilles et collet",0.22,0,0,"phacélie",0.3,0,0,0,0,1,NA,NA,NA,NA,NA,0,76.22,17.18,3.49,76.22,100,1.44
"321",2046,9,7,15,15,0,FALSE,FALSE,50,1,FALSE,FALSE,0,6,NA,0,"betterave avec feuilles et collet",0.22,0,0,"phacélie",0.3,0,0,0,0,1,NA,NA,NA,NA,NA,0,45.91,14.43,2.34,45.91,100,1.44
"322",2046,10,7,15,15,0,FALSE,FALSE,50,1,FALSE,FALSE,0,6,NA,0,"betterave avec feuilles et collet",0.22,0,0,"phacélie",0.3,0,0,0,0,1,NA,NA,NA,NA,NA,0,58.98,11.08,1.25,58.98,100,1.44
"323",2046,11,7,15,15,0,FALSE,FALSE,50,1,FALSE,FALSE,0,6,NA,0,"betterave avec feuilles et collet",0.22,0,0,"phacélie",0.3,0,0,0,0,1,NA,NA,NA,NA,NA,0,54.73,6.75,0.69,54.73,100,1.44
"324",2046,12,7,15,15,0,FALSE,FALSE,50,1,FALSE,FALSE,0,6,NA,0,"betterave avec feuilles et collet",0.22,0,0,"phacélie",0.3,0,0,0,0,1,NA,NA,NA,NA,NA,0,67.75,3.83,0.5,67.75,100,1.44
"325",2047,1,7,15,15,0,FALSE,FALSE,50,1,FALSE,FALSE,0,6,NA,0,"betterave avec feuilles et collet",0.22,0,0,"phacélie",0.3,0,0,0,0,1,NA,NA,NA,NA,NA,0,54.82,2.88,0.57,54.82,100,1.44
"326",2047,2,7,15,15,0,FALSE,FALSE,50,1,FALSE,FALSE,0,6,NA,0,"betterave avec feuilles et collet",0.22,0,0,"phacélie",0.3,0,0,0,0,1,NA,NA,NA,NA,NA,0,46.74,3.05,0.83,46.74,100,1.44
"327",2047,3,7,15,15,0,FALSE,FALSE,50,1,FALSE,TRUE,0,6,NA,0,"betterave avec feuilles et collet",0.22,0,0,"phacélie",0.3,1.12,0.34,1.12,0.34,1,NA,NA,NA,NA,NA,0,48.39,6,1.73,48.39,100,1.44
"328",2047,4,7,15,8,1,TRUE,FALSE,NA,0,FALSE,FALSE,0,6,NA,0,"betterave avec feuilles et collet",0.22,0,0,NA,NA,0,0,0,0,1,NA,NA,NA,NA,NA,0,36.47,9.8,3.03,36.47,100,1.44
"329",2047,5,7,15,8,1,FALSE,FALSE,NA,0,FALSE,FALSE,0,6,NA,0,"betterave avec feuilles et collet",0.22,0,0,NA,NA,0,0,0,0,1,NA,NA,NA,NA,NA,0,62.3,13.16,3.82,62.3,100,1.44
"330",2047,6,7,15,8,1,FALSE,FALSE,NA,0,FALSE,FALSE,30,6,NA,0,"betterave avec feuilles et collet",0.22,0,0,NA,NA,0,0,0,0,1,NA,NA,NA,NA,NA,0,56.5,16.29,4.44,86.5,100,1.44
"331",2047,7,7,15,8,1,FALSE,FALSE,NA,0,FALSE,FALSE,30,6,6,30,"betterave avec feuilles et collet",0.22,0,0,NA,NA,0,0,0,0,1,"Fumier Solide","Bovins",0.928,0.5,0.46,2.784,66.59,18.28,4.65,96.59,100,1.44
"332",2047,8,7,15,8,1,FALSE,FALSE,NA,0,FALSE,FALSE,30,6,NA,0,"betterave avec feuilles et collet",0.22,0,0,NA,NA,0,0,0,0,1,NA,NA,NA,NA,NA,0,76.22,17.18,3.49,106.22,100,1.44
"333",2047,9,7,15,8,1,FALSE,FALSE,NA,0,FALSE,FALSE,0,6,NA,0,"betterave avec feuilles et collet",0.22,0,0,NA,NA,0,0,0,0,1,NA,NA,NA,NA,NA,0,45.91,14.43,2.34,45.91,100,1.44
"334",2047,10,7,15,8,1,TRUE,TRUE,NA,0,FALSE,FALSE,0,6,NA,0,"betterave avec feuilles et collet",0.22,2.3,0.51,NA,NA,0,0,2.3,0.51,1,NA,NA,NA,NA,NA,0,58.98,11.08,1.25,58.98,100,1.44
"335",2047,11,15,8,7,1,FALSE,FALSE,NA,0,FALSE,FALSE,0,NA,NA,0,"blé d'hiver",0.31,0,0,NA,NA,0,0,0,0,1,NA,NA,NA,NA,NA,0,54.73,6.75,0.69,54.73,100,1.44
"336",2047,12,15,8,7,1,FALSE,FALSE,NA,0,FALSE,FALSE,0,NA,NA,0,"blé d'hiver",0.31,0,0,NA,NA,0,0,0,0,1,NA,NA,NA,NA,NA,0,67.75,3.83,0.5,67.75,100,1.44
"337",2048,1,15,8,7,1,FALSE,FALSE,NA,0,FALSE,FALSE,0,NA,NA,0,"blé d'hiver",0.31,0,0,NA,NA,0,0,0,0,1,NA,NA,NA,NA,NA,0,54.82,2.88,0.57,54.82,100,1.44
"338",2048,2,15,8,7,1,FALSE,FALSE,NA,0,FALSE,FALSE,0,NA,NA,0,"blé d'hiver",0.31,0,0,NA,NA,0,0,0,0,1,NA,NA,NA,NA,NA,0,46.74,3.05,0.83,46.74,100,1.44
"339",2048,3,15,8,7,1,FALSE,FALSE,NA,0,FALSE,FALSE,0,NA,NA,0,"blé d'hiver",0.31,0,0,NA,NA,0,0,0,0,1,NA,NA,NA,NA,NA,0,48.39,6,1.73,48.39,100,1.44
"340",2048,4,15,8,7,1,FALSE,FALSE,NA,0,FALSE,FALSE,0,NA,NA,0,"blé d'hiver",0.31,0,0,NA,NA,0,0,0,0,1,NA,NA,NA,NA,NA,0,36.47,9.8,3.03,36.47,100,1.44
"341",2048,5,15,8,7,1,FALSE,FALSE,NA,0,FALSE,FALSE,0,NA,NA,0,"blé d'hiver",0.31,0,0,NA,NA,0,0,0,0,1,NA,NA,NA,NA,NA,0,62.3,13.16,3.82,62.3,100,1.44
"342",2048,6,15,8,7,1,FALSE,FALSE,NA,0,FALSE,FALSE,0,NA,NA,0,"blé d'hiver",0.31,0,0,NA,NA,0,0,0,0,1,NA,NA,NA,NA,NA,0,56.5,16.29,4.44,56.5,100,1.44
"343",2048,7,15,8,7,1,FALSE,FALSE,NA,0,FALSE,FALSE,0,NA,NA,0,"blé d'hiver",0.31,0,0,NA,NA,0,0,0,0,1,NA,NA,NA,NA,NA,0,66.59,18.28,4.65,66.59,100,1.44
"344",2048,8,15,8,7,1,FALSE,TRUE,NA,0,FALSE,FALSE,0,NA,NA,0,"blé d'hiver",0.31,2.08,0.64,NA,NA,0,0,2.08,0.64,1,NA,NA,NA,NA,NA,0,76.22,17.18,3.49,76.22,100,1.44
"345",2048,9,8,7,7,0,FALSE,FALSE,NA,0,FALSE,FALSE,0,NA,NA,0,"orge d'hiver",0.31,0,0,NA,NA,0,0,0,0,0,NA,NA,NA,NA,NA,0,45.91,14.43,2.34,45.91,100,1.44
"346",2048,10,8,7,15,1,TRUE,FALSE,NA,0,FALSE,FALSE,0,NA,NA,0,"orge d'hiver",0.31,0,0,NA,NA,0,0,0,0,1,NA,NA,NA,NA,NA,0,58.98,11.08,1.25,58.98,100,1.44
"347",2048,11,8,7,15,1,FALSE,FALSE,NA,0,FALSE,FALSE,0,NA,NA,0,"orge d'hiver",0.31,0,0,NA,NA,0,0,0,0,1,NA,NA,NA,NA,NA,0,54.73,6.75,0.69,54.73,100,1.44
"348",2048,12,8,7,15,1,FALSE,FALSE,NA,0,FALSE,FALSE,0,NA,NA,0,"orge d'hiver",0.31,0,0,NA,NA,0,0,0,0,1,NA,NA,NA,NA,NA,0,67.75,3.83,0.5,67.75,100,1.44
"349",2049,1,8,7,15,1,FALSE,FALSE,NA,0,FALSE,FALSE,0,NA,NA,0,"orge d'hiver",0.31,0,0,NA,NA,0,0,0,0,1,NA,NA,NA,NA,NA,0,54.82,2.88,0.57,54.82,100,1.44
"350",2049,2,8,7,15,1,FALSE,FALSE,NA,0,FALSE,FALSE,0,NA,NA,0,"orge d'hiver",0.31,0,0,NA,NA,0,0,0,0,1,NA,NA,NA,NA,NA,0,46.74,3.05,0.83,46.74,100,1.44
"351",2049,3,8,7,15,1,FALSE,FALSE,NA,0,FALSE,FALSE,0,NA,NA,0,"orge d'hiver",0.31,0,0,NA,NA,0,0,0,0,1,NA,NA,NA,NA,NA,0,48.39,6,1.73,48.39,100,1.44
"352",2049,4,8,7,15,1,FALSE,FALSE,NA,0,FALSE,FALSE,0,NA,NA,0,"orge d'hiver",0.31,0,0,NA,NA,0,0,0,0,1,NA,NA,NA,NA,NA,0,36.47,9.8,3.03,36.47,100,1.44
"353",2049,5,8,7,15,1,FALSE,FALSE,NA,0,FALSE,FALSE,0,NA,NA,0,"orge d'hiver",0.31,0,0,NA,NA,0,0,0,0,1,NA,NA,NA,NA,NA,0,62.3,13.16,3.82,62.3,100,1.44
"354",2049,6,8,7,15,1,FALSE,FALSE,NA,0,FALSE,FALSE,0,NA,NA,0,"orge d'hiver",0.31,0,0,NA,NA,0,0,0,0,1,NA,NA,NA,NA,NA,0,56.5,16.29,4.44,56.5,100,1.44
"355",2049,7,8,7,15,1,FALSE,TRUE,NA,0,FALSE,FALSE,0,NA,NA,0,"orge d'hiver",0.31,2.24,0.69,NA,NA,0,0,2.24,0.69,1,NA,NA,NA,NA,NA,0,66.59,18.28,4.65,66.59,100,1.44
"356",2049,8,7,15,15,0,FALSE,FALSE,50,1,TRUE,FALSE,0,6,NA,0,"betterave avec feuilles et collet",0.22,0,0,"phacélie",0.3,0,0,0,0,1,NA,NA,NA,NA,NA,0,76.22,17.18,3.49,76.22,100,1.44
"357",2049,9,7,15,15,0,FALSE,FALSE,50,1,FALSE,FALSE,0,6,NA,0,"betterave avec feuilles et collet",0.22,0,0,"phacélie",0.3,0,0,0,0,1,NA,NA,NA,NA,NA,0,45.91,14.43,2.34,45.91,100,1.44
"358",2049,10,7,15,15,0,FALSE,FALSE,50,1,FALSE,FALSE,0,6,NA,0,"betterave avec feuilles et collet",0.22,0,0,"phacélie",0.3,0,0,0,0,1,NA,NA,NA,NA,NA,0,58.98,11.08,1.25,58.98,100,1.44
"359",2049,11,7,15,15,0,FALSE,FALSE,50,1,FALSE,FALSE,0,6,NA,0,"betterave avec feuilles et collet",0.22,0,0,"phacélie",0.3,0,0,0,0,1,NA,NA,NA,NA,NA,0,54.73,6.75,0.69,54.73,100,1.44
"360",2049,12,7,15,15,0,FALSE,FALSE,50,1,FALSE,FALSE,0,6,NA,0,"betterave avec feuilles et collet",0.22,0,0,"phacélie",0.3,0,0,0,0,1,NA,NA,NA,NA,NA,0,67.75,3.83,0.5,67.75,100,1.44
